,,,,,,,,,
NUM,ET VOL,DATE,PROPOSER,SOLVERS,ET VOL,DATE,MQ VOL,TYPE,
11000,44,May 91,G.B.M. Zerr,G.B.M. Zerr,44,Dec 91,56,14,
11001,44,May 91,Prof. Morley,"D.P. Hibbard
Ignacio Beyens","xx
xx","xx
xx","61
61",86,
11002,44,May 91,Prof. G. de Longchamps,G. de Longchamps,xx,xx,57,84,
11003,44,May 91,V. Ramaswami Aiyar,H. Fortey,xx,xx,56,10,
11004,44,May 91,E. Lampe,"R. Knowles
Ignacio Beyens","xx
xx","xx
xx","56
56",48,
11005,44,May 91,R.W. Genese,,,,,41,
11006,44,May 91,H.L. Orchard,G.B.M. Zerr,xx,xx,55,44,
11007,44,May 91,G.M. Minchin,,,,,20,
11008,44,May 91,J. Wolstenholme,H.W. Curjel,xx,xx,62,44,
11009,44,May 91,W.K. Clifford,H.W. Curjel,xx,xx,57,18,
11010,44,May 91,F.P. Matz,G.B.M. Zerr,xx,xx,55,14,
11011,44,May 91,M.W. Crofton,G.B.M. Zerr,xx,xx,55,14,
11012,44,May 91,W.H.H. Hudson,,,,,17,
11013,44,May 91,A. Anderson,"H.W. Curjel
Prof. Mukhopadhyay","xx
xx","xx
xx","64
64",43,
11014,44,May 91,Prof. Purser,Henry Riddell,xx,xx,99,41,
11015,44,May 91,Editor,G.B.M. Zerr,xx,xx,55,41,
11016,44,May 91,I. Arnold,I. Arnold,44,Oct 91,56,47,
11017,44,May 91,H. MacColl,,,,,13Δ,
11018,44,May 91,D. Biddle,"H.J. Woodall
Ignacio Beyens","xx
xx","xx
xx","57
57",6,
11019,44,May 91,A. Martin,,,,,8,
11020,44,May 91,W.J. Greenstreet,"H.J. Woodall
Prof. Gopalachanar","xx
xx","xx
xx","64
64",41,
11021,44,May 91,R.F. Davis,R.F. Davis,44,Aug 91,56,41,
11022,44,May 91,G. Heppel,"G. Heppel
Prof. Mukhopadhyay","xx
xx","xx
xx","57
57",3,
11023,44,May 91,R. Tucker,,57,U 06/04,,41,
11024,44,May 91,H.J. Woodall,,59,U 12/06,,96,
11025,44,May 91,Elizabeth Blackwood,,,,,13,
11026,44,May 91,J.J. Barniville,,59,U 12.06,,6,
11027,44,May 91,H.W. Segar,,,,,44,
11028,44,May 91,J. Brill,,,,,46,
11029,44,May 91,R. Chartres,"R. Chartres
E.M. Langley","44
44","Dec 91
Dec 91","56
56",41,
11030,44,May 91,J.J. Walker,G.B.M. Zerr,xx,xx,56,66,
11031,MQ,Vol. 55,G.B.M. Zerr,G.B.M. Zerr,xx,xx,55,14,
11032,MQ,Vol. 55,G.B.M. Zerr,G.B.M. Zerr,xx,xx,55,14,
11033,MQ,Vol. 55,G.B.M. Zerr,G.B.M. Zerr,xx,xx,55,14,
11034,MQ,Vol. 55,G.B.M. Zerr,G.B.M. Zerr,xx,xx,55,14,
11035,MQ,Vol. 55,G.B.M. Zerr,G.B.M. Zerr,xx,xx,55,14,
11036,MQ,Vol. 55,G.B.M. Zerr,G.B.M. Zerr,xx,xx,55,14,
11037,MQ,Vol. 55,G.B.M. Zerr,G.B.M. Zerr,xx,xx,55,14,
11038,MQ,Vol. 55,G.B.M. Zerr,G.B.M. Zerr,xx,xx,55,14,
11039,44,Jun 91,J.J. Sylvester,E.J. Nanson,58,Aug 05,84,96,
11040,44,Jun 91,S. Haughton,,,,,19,
11041,44,Jun 91,Prof. Morel,"R. Knowles
B. Chakravarti","xx
xx","xx
xx","57
57",48,
11042,44,Jun 91,Prof. Catalan,"G.R. Dick
S. Narayana Aiyar
G.N. Watson","61
61
61","Feb 08
Feb 08
Feb 08","89
89
89",6,
11043,44,Jun 91,Prof. Neuberg,"G. de Longchamps
Prof. Neuberg","44
44","Aug 91
Aug 91","56
56",44,
11044,44,Jun 91,G.B.M. Zerr,,,,,14,
11045,44,Jun 91,Prof. Morley,Henry Riddell,59,Nov 06,86,41,
11046,44,Jun 91,V. Ramaswami Aiyar,,,,,10,
11047,44,Jun 91,E. Lampe,,,,,48,
11048,44,Jun 91,R.W. Genese,"W.J. Dobbs
G.B.M. Zerr","44
44","Sep 91
Sep 91","56
56",48,
11049,44,Jun 91,J. Wolstenholme,"J.C. Swaminarayan
Krishna Prasad De","xx
xx","xx
xx","95
95",45,
,,,,,,,,,
,,,,,,,,,
,,,,,,,,,
NUM,ET VOL,DATE,PROPOSER,SOLVERS,ET VOL,DATE,MQ VOL,TYPE,
11050,44,Jun 91,W.K. Clifford,,61,U 02/08,,46,
11051,44,Jun 91,W.H.H. Hudson,S.C. Bagchi,59,Sep 06,86,18,
11052,44,Jun 91,F. Purser,"V. Ramaswami Aiyar
G.B.M. Zerr","44
44","Dec 91
Dec 91","56
56",41,
11053,44,Jun 91,Prof. Mukhopadhyay,H.W. Curjel,xx,xx,60,79,
11054,44,Jun 91,P.H. Schoute,"G.B.M. Zerr
V. Ramaswami Aiyar
N. Sarkar","44
44
xx","Dec 91
Dec 91
xx","56
xx
56",46,
11055,44,Jun 91,Christine Ladd,,,,,45,
11056,44,Jun 91,Matilal Mallik,"G.B.M. Zerr
R. Chartres","44
44","Sep 91
Sep 91","56
56",47,
11057,44,Jun 91,B.O. Peirce,,59,U 11/06,,6,
11058,44,Jun 91,M.W. Crofton,,,,,14,
11059,44,Jun 91,Editor,"I. Arnold
Ignacio Beyens","44
44","Oct 91
Oct 91","56
56",41,
11060,44,Jun 91,T.P. Kirkman,,,,,71pk,
11061,44,Jun 91,H. MacColl,H. MacColl,44,Aug 91,56,13,
11062,44,Jun 91,D. Biddle,"H.W. Curjel
Prof. Radhakrishnan","xx
xx","xx
xx","57
57",8,
11063,44,Jun 91,A. Martin,H.W. Curjel,xx,xx,59,13,
11064,44,Jun 91,W.J. Greenstreet,"G.B.M. Zerr
Prof. Shields","46
xx","May 93
xx","59
59",41,
11065,44,Jun 91,J. Arnold,"W.J. Dobbs
F.P. Matz","44
44","Sep 91
Sep 91","56
56",47,
11066,44,Jun 91,R. Tucker,"H.R. Norris
H.W. Curjel","44
44","Oct 91
Oct 91","56
56",48,
11067,44,Jun 91,H.J. Woodall,E.B. Escott,62,Nov 09,92,9,
11068,44,Jun 91,Elizabeth Blackwood,,63,U 03/10,,8,
11069,44,Jun 91,J.J. Barniville,H.W. Curjel,53,Oct 00,74,9,
11070,44,Jun 91,J.J. Walker,,59,U 01/06,,66,
11071,44,Jun 91,Col. A.R. Clarke,,59,U 08/06,,14,
11072,44,Jun 91,T.R. Terry,T.R. Terry,xx,xx,57,22,
11073,44,Jun 91,F.M. Shields,,,,,46,
11074,44,Jun 91,J. Griffiths,,,,,41,
11075,44,Jun 91,R.P. Kathern,H.J. Woodall,xx,xx,74,3,
11076,44,Jun 91,D.J. Williams,"H.W. Curjel
B. Chakravarti","xx
xx","xx
xx","56
56",6,
11077,44,Jun 91,G.F. Howse,"H.W. Curjel
B. Chakravarti","xx
xx","xx
xx","64
64",17,
11078,44,Jun 91,Alice Gordon,"M. Mallik
Alice Gordon","xx
xx","xx
xx","57
57",3,
11079,44,Jun 91,D. Edwardes,,57,U 10/04,,51,
11080,44,Jun 91,R. Chartres,R. Chartres,xx,xx,57,61,
11081,44,Jun 91,R.W.D. Christie,,,,,9,
11082,44,Jun 91,Morgan Brierley,"G.B.M. Zerr
N. Sarkar","44
44","Sep 91
Sep 91","56
56",41,
11083,44,Jun 91,R. Knowles,"H.R. Norris
W.J. Dobbs
T.R. Terry","44
44
xx","Sep 91
Sep 91
xx","56
xx
56",45,
11084,44,Jul 91,J.J. Sylvester,R.W.D. Christie,44,Sep 91,56,9,
11085,44,Jul 91,A. Cayley,,,,,53,
11086,44,Jul 91,W.K. Clifford,,59,U 11/06,,6,
11087,44,Jul 91,P.H. Schoute,,,,,46,
11088,44,Jul 91,J. Wolstenholme,,,,,45,
11089,44,Jul 91,V. Ramaswami Aiyar,V. Ramaswami Aiyar,xx,xx,58,45,
11090,44,Jul 91,Matilal Mallik,Sebastian Sircom,46,Mar 93,59,61,
11091,44,Jul 91,Prof. Neuberg,H.W. Curjel,50,Sep 97,68,44,
11092,44,Jul 91,F.M. Shields,"G.B.M. Zerr
Prof. Aiyar","46
46","Jan 93
Jan 93","59
59",4,
11093,44,Jul 91,G.B.M. Zerr,G.B.M. Zerr,xx,xx,56,14,
11094,44,Jul 91,H.L. Orchard,"G.B.M. Zerr
H.W. Curjel","44
44","Oct 91
Oct 91","56
56",46,
11095,44,Jul 91,E. Lampe,"G.B.M. Zerr
H. Fortey","44
xx","Sep 91
xx","56
56",44,
11096,44,Jul 91,Prof. Gelin,"J.C. St. Clair
W.J. Greenstreet
E. Catalan","44
44
xx","Aug 91
Aug 91
xx","56
56
56",10,
11097,44,Jul 91,Prof. Servais,,,,,43,
11098,44,Jul 91,Prof. Morley,C.E. Youngman,59,May 06,85,41,
11099,44,Jul 91,Prof. Gay,P.H. Schoute,xx,xx,57,44,
,,,,,,,,,
,,,,,,,,,
NUM,ET VOL,DATE,PROPOSER,SOLVERS,ET VOL,DATE,MQ VOL,TYPE,
11100,44,Jul 91,Prof. Marijon,,,,,47,
11101,44,Jul 91,Prof. Leheup,"W.J. Greenstreet
J.C. St. Clair","xx
xx","xx
xx","56
56",44,
11102,44,Jul 91,Editor,,,,,12,
11103,44,Jul 91,D. Biddle,G.B.M. Zerr,44,Sep 91,56,44,
11104,44,Jul 91,H. MacColl,Hugh MacColl,44,Dec 91,56,6,
11105,44,Jul 91,I. Arnold,"G.B. Zerr
I. Arnold","44
44","Oct 91
Oct 91","56
56",17,
11106,44,Jul 91,L.J. Rogers,Algebra,xx,xx,109,9,
11107,44,Jul 91,Morgan Brierley,"G.B.M. Zerr
Ignacio Beyens","xx
xx","xx
xx","56
56",9,
11108,44,Jul 91,R. Tucker,R. Tucker,45,Nov 92,58,41,
11109,44,Jul 91,A. Gordon,H.W. Curjel,xx,xx,58,22,
11110,44,Jul 91,R.W.D. Christie,"R.W.D. Christie
A.H. Bell","60
60","Aug 07
Aug 07","88
88",22,
11111,44,Jul 91,D. Edwardes,,,,,46,
11112,44,Jul 91,J.J. Barniville,,59,U 08/06,,9,
11113,44,Jul 91,G.F. Howse,"J.C. St. Clair
N. Sarkar","xx
xx","xx
xx","57
57",41,
11114,44,Jul 91,H.J. Woodall,,59,U 10/06,,23,
11115,44,Jul 91,W.J. Greenstreet,,66,U 10/13,,44,
11116,44,Jul 91,H. Sewell,,60,U 05/07,,96,
11117,44,Jul 91,R. Chartres,"R. Chartres
A.M. Nash","xx
xx","xx
xx","56
56",53,
11118,44,Jul 91,J. Brill,T.R. Terry,44,Aug 91,56,44,
11119,44,Jul 91,T. Roach,"W.J. Greenstreet
Prof. Morel
T. Roach
J.C. St. Clair","44
44
44
44","Sep 91
Sep 91
Sep 91
Sep 91","56
56
xx
xx",48,
11120,44,Jul 91,J.J. Walker,,61,U 01/08,,47,
11121,44,Jul 91,G. Heppel,A.J. Pressland,xx,xx,56,47,
11122,44,Jul 91,E.B. Elliott,H.W. Curjel,xx,xx,68,46,
11123,44,Jul 91,W.J. McClelland,,,,,31,
11124,MQ,Vol. 55,G.B.M. Zerr,G.B.M. Zerr,xx,xx,55,13,
11125,MQ,Vol. 55,G.B.M. Zerr,G.B.M. Zerr,xx,xx,55,14,
11126,MQ,Vol. 55,G.B.M. Zerr,G.B.M. Zerr,xx,xx,55,14,
11127,MQ,Vol. 55,G.B.M. Zerr,G.B.M. Zerr,xx,xx,55,14,
11128,MQ,Vol. 55,G.B.M. Zerr,G.B.M. Zerr,xx,xx,55,13,
11129,MQ,Vol. 55,G.B.M. Zerr,G.B.M. Zerr,xx,xx,55,13,
11130,MQ,Vol. 55,G.B.M. Zerr,G.B.M. Zerr,xx,xx,55,13,
11131,MQ,Vol. 55,G.B.M. Zerr,G.B.M. Zerr,xx,xx,55,13,
11132,MQ,Vol. 55,G.B.M. Zerr,G.B.M. Zerr,xx,xx,55,13,
11133,MQ,Vol. 55,G.B.M. Zerr,G.B.M. Zerr,xx,xx,55,13,
11134,MQ,Vol. 55,G.B.M. Zerr,G.B.M. Zerr,xx,xx,55,13,
11135,MQ,Vol. 55,G.B.M. Zerr,G.B.M. Zerr,xx,xx,55,13,
11136,MQ,Vol. 55,G.B.M. Zerr,G.B.M. Zerr,xx,xx,55,14,
11137,MQ,Vol. 55,G.B.M. Zerr,G.B.M. Zerr,xx,xx,55,14,
11138,MQ,Vol. 55,G.B.M. Zerr,G.B.M. Zerr,xx,xx,55,14,
11139,MQ,Vol. 55,G.B.M. Zerr,G.B.M. Zerr,xx,xx,55,13,
11140,MQ,Vol. 55,G.B.M. Zerr,G.B.M. Zerr,xx,xx,55,14,
11141,MQ,Vol. 55,G.B.M. Zerr,G.B.M. Zerr,xx,xx,55,14,
11142,MQ,Vol. 55,G.B.M. Zerr,G.B.M. Zerr,xx,xx,55,14,
11143,MQ,Vol. 55,G.B.M. Zerr,G.B.M. Zerr,xx,xx,55,13,
11144,MQ,Vol. 55,G.B.M. Zerr,G.B.M. Zerr,xx,xx,55,14,
11145,MQ,Vol. 55,G.B.M. Zerr,G.B.M. Zerr,xx,xx,55,14,
11146,MQ,Vol. 55,G.B.M. Zerr,G.B.M. Zerr,xx,xx,55,14,
11147,MQ,Vol. 55,G.B.M. Zerr,G.B.M. Zerr,xx,xx,55,14,
11148,MQ,Vol. 55,G.B.M. Zerr,G.B.M. Zerr,xx,xx,55,14,
11149,MQ,Vol. 55,G.B.M. Zerr,G.B.M. Zerr,xx,xx,55,13,
,,,,,,,,,
NUM,ET VOL,DATE,PROPOSER,SOLVERS,ET VOL,DATE,MQ VOL,TYPE,
11150,MQ,Vol. 55,G.B.M. Zerr,G.B.M. Zerr,xx,xx,55,14,
11151,MQ,Vol. 55,G.B.M. Zerr,G.B.M. Zerr,xx,xx,55,14,
11152,MQ,Vol. 55,G.B.M. Zerr,G.B.M. Zerr,xx,xx,55,14,
11153,MQ,Vol. 55,G.B.M. Zerr,G.B.M. Zerr,xx,xx,55,14,
11154,44,Aug 91,J.J. Sylvester,"H.W. Curjel
K.J. Sanjána","49
49","Oct 96
Oct 96","66
66",23,
11155,44,Aug 91,E. Lampe,,,,,5,
11156,44,Aug 91,J. Wolstenholme,"H.E. Soper
Prof. Madhavarao
G.B.M. Zerr","xx
xx
xx","xx
xx
xx","57
57
57",53,
11157,44,Aug 91,M.W. Crofton,,59,U 06/06,,33,
11158,44,Aug 91,S. Haughton,,59,U 11/06,,6,
11159,44,Aug 91,Prof. Neuberg,"H.E. Soper
R. Knowles","xx
xx","xx
xx","57
57",61,
11160,44,Aug 91,F.M. Shields,,60,U 06/07,,41,
11161,44,Aug 91,G.M. Minchin,"D. Edwardes
Prof. Aiyar","44
44","Dec 91
Dec 91","56
56",51,
11162,44,Aug 91,G.B.M. Zerr,"G.B.M. Zerr
H.J. Woodall
R. Knowles","54
xx
xx","Sep 01
xx
xx","76
58
58",48,
11163,44,Aug 91,Prof. Morley,"H.E. Soper
J.C. St. Clair","44
44","Dec 91
Dec 91","56
56",44,
11164,44,Aug 91,Prof. Steggall,,61,U 02/08,,19,
11165,44,Aug 91,W.K. Clifford,H.W. Curjel,45,Jul 92,58,17,
11166,44,Aug 91,Prof. Morel,D. Biddle (ps),64,Jan 10,95,47,
11167,44,Aug 91,Prof. Mannheim,"H.J. Woodall
Prof. Gophar","45
45","Jan 92
Jan 92","57
57",44,
11168,44,Aug 91,Prof. G. de Longchamps,"J.C. St. Clair
R. Knowles","44
44","Oct 91
Oct 91","56
56",41,
11169,44,Aug 91,H.L. Orchard,"I. Arnold
G.B.M. Zerr","44
44","Nov 91
Nov 91","56
56",76,
11170,44,Aug 91,R.W. Genese,"R. Knowles
Prof. Aiyar","xx
xx","xx
xx","56
56",86,
11171,44,Aug 91,Prof. Niewenglowski,"J.C. St. Clair
N. Sarkar","45
45","Apr 92
Apr 92","57
57",41,
11172,44,Aug 91,Prof. Brouilhet,H.W. Curjel,xx,xx,57,56,
11173,44,Aug 91,Prof. Laisant,"W.J. Greenstreet
M. Brierley","45
45","Nov 92
Nov 92","58
58",48,
11174,44,Aug 91,Prof. Bernés,"G.G. Morrice
B. Chakravarti","44
xx","Oct 91
xx","56
56",41,
11175,44,Aug 91,Prof. Lemoine,T.R. Terry,44,Oct 91,56,41,
11176,44,Aug 91,Prof. Gob,,,,,41,
11177,44,Aug 91,Prof. Brocard,H.W. Curjel,46,Apr 93,59,41,
11178,44,Aug 91,Prof. Meurice,,,,,41,
11179,44,Aug 91,Prof. Lancelot,"H.W. Curjel
Nilkantha Sarkar
Prof. Krishnamacharry","49
49
xx","Jul 96
Jul 96
xx","66
xx
66",44,
11180,44,Aug 91,Prof. Tissot,"J.C. St. Clair
N. Sarkar","44
44","Oct 91
Oct 91","56
56",45,
11181,44,Aug 91,Prof. Bénézech,"H.W. Curjel
G.B.M. Zerr","xx
xx","xx
xx","58
58",9,
11182,44,Aug 91,Editor,"T.R. Terry
E.M. Langley","44
44","Nov 91
Nov 91","56
56",41,
11183,44,Aug 91,R. Tucker,"R. Tucker
Prof. Gophar","xx
xx","xx
xx","57
57",44,
11184,44,Aug 91,W.J.C. Sharp,"T.R. Terry
Prof. Curtis","xx
xx","xx
xx","57
57",45,
11185,44,Aug 91,R.W.D. Christie,H.J. Woodall,xx,xx,58,9,
11186,44,Aug 91,H. MacColl,R. Curtis,xx,xx,57,7,
11187,44,Aug 91,J.J. Walker,,,,,44,
11188,44,Aug 91,A. Martin,,63,U 03/10,,46,
11189,44,Aug 91,T.R. Terry,T.R. Terry,xx,xx,57,22,
11190,44,Aug 91,H.J. Jacobs,"T.R. Terry
E. Rutter","45
45","Jan 92
Jan 92","57
57",2,
11191,44,Aug 91,T. Roach,"T.R. Terry
D. Edwardes","xx
xx","xx
xx","57
57",86,
11192,44,Aug 91,J.J. Barniville,,60,U 01/07,,22,
10193,44,Aug 91,G.F. Howse,G.F. Howse,xx,xx,68,17,
11194,44,Aug 91,R. Chartres,"G.B.M. Zerr
R.F. Davis
R. Chartres","45
46
xx","Jan 92
Jun 93
xx","57
59
57",41,
11195,44,Aug 91,M. Brierley,,,,,92,
11196,44,Aug 91,A. Gordon,,,,,46,
11197,44,Aug 91,W.J. Greenstreet,"H.W. Curjel
Prof. Mukhopadhyay","49
49","Jul 96
Jul 96","66
66",89,
11198,44,Aug 91,H. Sewell,T. Muir,xx,xx,93,9,
11199,44,Aug 91,C.L. Peirce,,61,U 06/08,,17,
,,,,,,,,,
,,,,,,,,,
,,,,,,,,,
NUM,ET VOL,DATE,PROPOSER,SOLVERS,ET VOL,DATE,MQ VOL,TYPE,
11200,44,Aug 91,H.J. Woodall,,,,,44,
11201,44,Aug 91,G.S. Carr,G.B.M. Zerr,xx,xx,57,66,
11202,44,Sep 91,J.J. Sylvester,,,,,9,
11203,44,Sep 91,B.O. Pierce,"R. Curtis
Matilal Mallik","45
xx","Jan 92
xx","57
57",79,
11204,44,Sep 91,Prof. Déprez,,,,,48,
11205,44,Sep 91,Prof. Besso,"J.M. Stoops
R. Knowles","44
44","Dec 91
Dec 91","56
56",41,
11206,44,Sep 91,Prof. Madhavarao,H.W. Curjel,46,Apr 93,59,12,
11207,44,Sep 91,Nilkantha Sarkar,"D. Biddle
D. Edwardes","44
44","Nov 91
Nov 91","56
56",18,
11208,44,Sep 91,Ignacio Beyens,,,,,41,
11209,44,Sep 91,Franz Rogel,Franz Rogel,44,Nov 91,56,6,
11210,44,Sep 91,Matilal Mallik,"Ratram Aiyar
J.C. St. Clair","45
45","Jan 92
Jan 92","57
57",41,
11211,44,Sep 91,Christine Ladd,"J.C. St. Clair
Prof. Mallik
A.M. Nash","44
44
xx","Dec 91
Dec 91
xx","56
56
56",41,
11212,44,Sep 91,Prof. Harkema,"A. Anderson
S.F. Kirby
K.J. Sanjána","xx
xx
xx","xx
xx
xx","108
108
108",48,
11213,44,Sep 91,C.B.S. Cavallin,"J.C. St. Clair
H.W. Curjel","xx
xx","xx
xx","57
57",44,
11214,44,Sep 91,B. Chakravarti,"D. Edwardes
Prof. Aiyar","xx
xx","xx
xx","57
57",17,
11215,44,Sep 91,Prof. Lemoine,"A. Droz-Farny
K.J. Sanjána
W.F. Beard
C.E. Youngman","60
60
xx
62","Oct 07
Oct 07
xx
Jan 09","88
88
88
91",41,
11216,44,Sep 91,Prof. Bernés,"H.W. Curjel
Prof. Radhakrishnan","xx
xx","xx
xx","64
64",41,
11217,44,Sep 91,Prof. Gob,,59,U 07/06,,41,
11218,44,Sep 91,R.W. Genese,R.F. Davis,45,Sep 92,58,41,
11219,44,Sep 91,Prof. Sollertinsky,,,,,41,
11220,44,Sep 91,Prof. Niewenglowski,,,,,41,
11221,44,Sep 91,E. Catalan,"H.W. Curjel
B. Chakravarti","45
45","Jan 92
Jan 92","57
57",51,
11222,44,Sep 91,Prof. Morley,E. Fenwick,xx,xx,109,41,
11223,44,Sep 91,Prof. Mukhopadhyay,H.W. Curjel,46,Jun 93,59,17,
11224,44,Sep 91,J. Wolstenholme,,62,U 01/09,,46,
11225,44,Sep 91,F.M. Shields,"G.B.M. Zerr
Ignacio Beyens","xx
xx","xx
xx","61
61",41,
11226,44,Sep 91,Prof. G. de Longchamps,"J.C. St. Clair
H.W. Curjel","44
44","Nov 91
Nov 91","56
56",79,
11227,44,Sep 91,Prof. Mannheim,"R. Knowles
N. Sarkar","xx
xx","xx
xx","57
57",41,
11228,44,Sep 91,G.B.M. Zerr,G.B.M. Zerr,xx,xx,60,14,
11229,44,Sep 91,Prof. Neuberg,"G.B.M. Zerr
Prof. Mukhopadhyay","xx
xx","xx
xx","57
57",41,
11230,44,Sep 91,M.W. Crofton,"T.R. Terry
H.W. Curjel","44
44","Dec 91
Dec 91","56
56",17,
11231,44,Sep 91,J.C. Malet,"J.C. St. Clair
D. Edwardes","44
44","Nov 91
Nov 91","56
56",45,
11232,44,Sep 91,Editor,"T.R. Terry
J.M. Stoops","xx
xx","xx
xx","57
57",41,
11233,44,Sep 91,D. Biddle,,61,U 06/08,,44,
11234,44,Sep 91,R. Tucker,R. Tucker,44,Nov 91,56,41,
11235,44,Sep 91,H. MacColl,,59,U 12/06,,13,
11236,44,Sep 91,H. Sewell,,,,,96,
11237,44,Sep 91,J.L. Mackenzie,,61,U 08/08,,13,
11238,44,Sep 91,H.F. Davis,H.F. Davis,xx,xx,57,1,
11239,44,Sep 91,T. Roach,"J.M. Stoops
H.W. Curjel","44
44","Dec 91
Dec 91","56
56",86,
11240,44,Sep 91,R. Knowles,"J.C. St. Clair
B. Chakravarti","xx
xx","xx
xx","58
58",41,
11241,44,Sep 91,J.J. Barniville,"T.R. Terry
H.W. Curjel","xx
xx","xx
xx","57
57",61,
11242,44,Sep 91,W.J. Greenstreet,R.F. Davis,45,Oct 92,58,41,
11243,44,Sep 91,Morgan Brierley,Morgan Brierley,45,Oct 92,58,41,
11244,44,Sep 91,A.J. Pressland,"G.E. Crawford
V. Ramaswami Aiyar
W.F. Beard","xx
xx
61","xx
xx
Aug 08","89
89
90",41,
11245,44,Sep 91,R.W.D. Christie,,,,,12,
11246,44,Sep 91,Elizabeth Blackwood,G.B.M. Zerr,46,Oct 93,60,13,
11247,44,Sep 91,H. Briggs,"T.R. Terry
M. Brierley","45
45","Jan 92
Jan 92","57
57",6,
11248,44,Oct 91,J.J. Sylvester,,62,U 03/09,,6,
11249,44,Oct 91,R.W. Genese,H.W. Curjel,44,Dec 91,56,45,
,,,,,,,,,
,,,,,,,,,
,,,,,,,,,
NUM,ET VOL,DATE,PROPOSER,SOLVERS,ET VOL,DATE,MQ VOL,TYPE,
11250,44,Oct 91,M.W. Crofton,,61,U 02/08,,51,
11251,44,Oct 91,G. de Longchamps,"V. Ramaswami Aiyar
Madam Thérèse","45
45","Jan 92
Jan 92","57
57",48,
11252,44,Oct 91,Prof. Gob,,59,U 08/06,,41,
11253,44,Oct 91,Prof. Neuberg,"J. Rice
R. Knowles","45
45","Jan 92
Jan 92","57
57",41,
11254,44,Oct 91,Prof. Tissot,"H.W. Curjel
Prof. Radhakinshnan","45
45","Mar 92
Mar 92","57
57",45,
11255,44,Oct 91,J.C. Malet,"R.W. Genese
H.G. Dawson","xx
xx","xx
xx","57
57",22,
11256,44,Oct 91,Prof. Aiyar,R.W. Genese,44,Dec 91,56,86,
11257,44,Oct 91,F.M. Shields,"W.J. Greenstreet
G.B.M. Zerr","xx
xx","xx
xx","60
60",2,
11258,44,Oct 91,Prof. Madhavarao,,59,U 08/06,,44,
11259,44,Oct 91,W.K. Clifford,A.M. Nash,45,Feb 92,57,44,
10260,44,Oct 91,E. Catalan,R.W. Genese,xx,xx,57,41,
11261,44,Oct 91,Prof. Keelhoff,"G.B.M. Zerr
W.J. Greenstreet","45
45","Jul 92
Jul 92","58
58",44,
11262,44,Oct 91,Prof. Mukhopadhyay,P.T. Stephenson,xx,xx,91,45,
11263,44,Oct 91,J. Wolstenholme,H.W. Curjel,xx,xx,59,61,
11264,44,Oct 91,G.B.M. Zerr,G.BM. Zerr,55,Mar 02,77,44,
11265,44,Oct 91,Prof. Harkema,,92,U 04/09,,92,
11266,44,Oct 91,C.B.S. Cavallin,W.J. Greenstreet,xx,xx,58,48,
11267,44,Oct 91,B. Chakravarti,,92,U 01/09,,22,
11268,44,Oct 91,Prof. Lemoine,,,,,48,
11269,44,Oct 91,N. Sarkar,"C. Morgan
Ratram Aiyar","45
45","Apr 92
Apr 92","57
57",41,
11270,44,Oct 91,B.O. Pierce,,61,U 08/08,,17,
11271,44,Oct 91,Editor,"D. Biddle
V. Ramaswami Aiyar","44
xx","Dec 91
xx","56
59",47,
11272,44,Oct 91,G.H. Bryan,"H.W. Curjel
E. Lampe","49
49","Jul 96
Jul 96","66
66",17,
11273,44,Oct 91,A.E. Daniels,G.B.M. Zerr,xx,xx,58,48,
11274,44,Oct 91,G.E. Crawford,"H.W. Curjel
N. Sarkar","xx
xx","xx
xx","57
57",46,
11275,44,Oct 91,R. Tucker,,,,,41,
11276,44,Oct 91,D. Edwardes,H.W. Curjel,xx,xx,58,22,
11277,44,Oct 91,H.J. Woodall,"H.J. Woodall
Prof. Coondoo","xx
xx","xx
xx","64
64",68,
11278,44,Oct 91,D. Biddle,"G.B.M. Zerr
D. Biddle","45
45","Feb 92
xx","58
58",56,
11279,44,Oct 91,T. Roach,T. Roach,xx,xx,58,6,
11280,44,Oct 91,Morgan Brierley,L.J. Serin,59,Jul 06,85,17,
11281,44,Oct 91,A.J. Pressland,H.W. Curjel,46,Sep 93,60,86,
11282,44,Oct 91,R. Knowles,"G.B.M. Zerr
B. Chakravarti","xx
xx","xx
xx","61
61",44,
11283,44,Oct 91,H.W. Pyddoke,H.W. Pyddoke,45,Feb 92,57,9,
11284,44,Oct 91,E.M. Langley,"I. Arnold
J. Rice","45
45","Mar 92
Mar 92","57
57",41,
11285,44,Oct 91,A.J. Pressland,"R. Knowles
C.B.S. Cavallin","xx
xx","xx
xx","57
57",48,
11286,44,Oct 91,John Griffiths,,,,,43,
11287,44,Oct 91,R. Knowles,"H.W. Curjel
Prof. Mukhopadhyay","xx
xx","xx
xx","58
58",61,
11288,44,Nov 91,J.J. Sylvester,,,,,9,
11289,44,Nov 91,V. Ramaswami Aiyar,"Sonti V. Ramamurty
M.T. Naraniengar","xx
xx","xx
xx","91
91",17,
11290,44,Nov 91,Prof. Morley,,63,U 01/10,,44,
11291,44,Nov 91,H.L. Orchard,H.W. Curjel,xx,xx,59,18,
11292,44,Nov 91,J.C Malet,,65,U 03/12,,45,
11293,44,Nov 91,J. Wolstenholme,,,,,44,
11294,44,Nov 91,Prof. Sollertinsky,"P.H. Schoute
Prof. Morel","45
45","Aug 92
Aug 92","58
58",41,
11295,44,Nov 91,Prof. Neuberg,,57,U 10/04,,8,
11296,44,Nov 91,C.B.S. Cavallin,,,,,20,
11297,44,Nov 91,B. Chakravarti,"T. Galliers
Prof. Radikanshuan","45
45","Feb 92
Feb 92","57
57",17,
11298,44,Nov 91,N. Sarkar,Sonti V. Ramamurty,62,Jul 09,92,17,
11299,44,Nov 91,B.O. Pierce,"H.W. Curjel
Prof. Bhattacharya","45
45","Feb 92
Feb 92","57
57",44,
,,,,,,,,,
,,,,,,,,,
NUM,ET VOL,DATE,PROPOSER,SOLVERS,ET VOL,DATE,MQ VOL,TYPE,
11300,44,Nov 91,G.B.M. Zerr,"G.B.M. Zerr
A.D. Roberts
R. Knowles","54
54
54","Sep 01
Sep 01
Sep 01","76
76
76",3,
11301,44,Nov 91,M.W. Crofton,H.J. Woodall,xx,xx,57,5,
11302,44,Nov 91,Prof. Riboud,A. Cunningham,xx,xx,90,9,
11303,44,Nov 91,Prof. de Bōzóby,"H.W. Curjel
A.D. Roberts","xx
xx","xx
xx","57
57",9,
11304,44,Nov 91,Editor,"D. Biddle
M. Brierley","45
45","Feb 92
Feb 92","57
57",41,
11305,44,Nov 91,J.J. Barniville,,,,,14,
11306,44,Nov 91,A.J. Pressland,H.W. Curjel,xx,xx,59,48,
11307,44,Nov 91,G.F. Howse,,,,,17,
11308,44,Nov 91,G.H. Bryan,,60,U 12/07,,41,
11309,44,Nov 91,E.M. Langley,,,,,41,
11310,44,Nov 91,J. Griffiths,,61,U 01/08,,41,
11311,44,Nov 91,Madame. VveF.Prime,P.H. Schoute,45,Jan 92,57,44,
11312,44,Nov 91,J.C. St. Clair,J.C. St. Clair,xx,xx,58,41,
11313,44,Nov 91,W.J. Greenstreet,,59,U 01/06,,44,
11314,44,Nov 91,A.E. Thomas,,59,U 08/06,,41,
11315,44,Nov 91,I. Arnold,"I. Arnold
Krishmachandra De","49
49","Feb 96
Feb 96","65
65",47,
11316,44,Nov 91,G.E. Crawford,"P.H. Schoute
H.W. Curjel","45
45","Feb 92
Feb 92","57
57",44,
11317,44,Nov 91,J.E. Campbell,,,,,45,
11318,44,Nov 91,C. Morgan,C. Morgan,46,Feb 93,59,31,
11319,44,Nov 91,R. Tucker,R. Tucker,xx,xx,57,41,
11320,44,Nov 91,D. Biddle,"W.S.B. Woolhouse
Rev. R. Kolbe","45
xx","Jan 92
xx","57
57",12,
11321,44,Nov 91,H.J. Woodall,,,,,8,
11322,44,Nov 91,R. Knowles,"T. Galliers
Prof. Radikanshuan","xx
xx","xx
xx","58
58",48,
11323,44,Nov 91,Morgan Brierley,,,,,41,
11324,44,Nov 91,R.W.D. Christie,,,,,9,
11325,44,Nov 91,G.H. Hopkins,H.W. Curjel,xx,xx,59,46,
11326,44,Nov 91,E.H. Moore,H.J. Woodall,50,Sep 97,68,22,
11327,44,Nov 91,J.E. Hendricks,"W.F. Beard
Henry Riddell","xx
xx","xx
xx","87
87",47,
11328,44,Nov 91,H. Fortey,"Prof. Morley
H.W. Curjel","xx
xx","xx
xx","57
57",79,
11329,44,Dec 91,J.J. Sylvester,,63,U 08/10,,23,
11330,44,Dec 91,V. Ramaswami Aiyar,"P.H. Schoute
Prof. Bhattacharya","45
45","Apr 92
Apr 92","57
57",46,
11331,44,Dec 91,Prof. Morley,,,,,44,
11332,44,Dec 91,J. Wolstenholme,,,,,44,
11333,44,Dec 91,G.B.M. Zerr,,59,U 06/06,,44,
11334,44,Dec 91,E. Lampe,"H.W. Curjel
F.X. de Wachter","45
45","Feb 92
Feb 92","57
57",45,
11335,44,Dec 91,Ramachandra Row,,,,,9,
11336,44,Dec 91,F.M. Shields,,,,,11,
11337,44,Dec 91,R. Curtis,"P.H. Schoute
N. Sarkar","45
45","Feb 92
Feb 92","57
57",44,
11338,44,Dec 91,Prof. Neuberg,,,,,46,
11339,44,Dec 91,Prof. Lemoine,H.W. Curjel,50,Oct 97,68,41,
11340,44,Dec 91,G. de Longchamps,"R. Knowles
Prof. Aiyar","xx
xx","xx
xx","57
57",48,
11341,44,Dec 91,E. Vigarié,,59,U 11/06,,44,
11342,44,Dec 91,Editor,,,,,41,
11343,44,Dec 91,R. Tucker,R. Tucker,45,Apr 92,57,41,
11344,44,Dec 91,D. Biddle,,61,U 08/08,,46,
11345,44,Dec 91,"T. Roach
[Repurposed and solved as
12834]",,,,,11,
11346,44,Dec 91,H.J. Woodall,,59,U 11/06,,44,
11347,44,Dec 91,R. Lachlan,"H.J. Woodall
N. Sarkar","xx
xx","xx
xx","58
58",10,
11348,44,Dec 91,M. Brierley,"R. Knowles
W.J. Greenstreet","xx
xx","xx
xx","58
58",22,
11349,44,Dec 91,A.S. Ramsay,"H.W. Curjel
Prof. Madhavarao","xx
xx","xx
xx","57
57",46,
,,,,,,,,,
,,,,,,,,,
,,,,,,,,,
NUM,ET VOL,DATE,PROPOSER,SOLVERS,ET VOL,DATE,MQ VOL,TYPE,
11350,44,Dec 91,Belle Easton,"H.W. Curjel
C.B.S. Cavallin","45
45","Aug 92
Aug 92","58
58",17,
11351,44,Dec 91,G. Heppel,"G.B.M. Zerr
Prof. Bhattacharya","45
45","Feb 92
Feb 52","57
57",41,
11352,44,Dec 91,G.S. Carr,W.L. Marr,62,Sep 09,92,17,
11353,44,Dec 91,H.W. Curjel,H.W. Curjel,xx,xx,58,11s,
11354,44,Dec 91,W.J. Greenstreet,"P.H. Schoute
R. Knowles","45
45","Feb 92
Feb 92","57
57",48,
11355,44,Dec 91,A.J. Pressland,"A.J. Pressland
H.J. Woodall","45
45","Mar 92
Mar 92","57
57",41,
11356,44,Dec 91,E.M. Langley,"James Rice
Prof. Bhattacharya","45
45","Oct 92
Oct 92","58
58",41,
11357,44,Dec 91,G.E. Crawford,H.W. Curjel,xx,xx,58,41,
11358,44,Dec 91,J.C. St. Clair,,,,,41,
11359,44,Dec 91,J. Boland,,,,,12,
11360,44,Dec 91,R.W.D. Christie,,,,,12,
11361,44,Dec 91,T.P. Kirkman,,,,,71,
11362,44,Dec 91,W.W. Johnson,P.H. Schoute,xx,xx,57,41,
11363,44,Dec 91,William Hoover,"A.S. Ramsay
H.W. Curjel","45
45","Mar 92
Mar 92","57
57",17,
11364,44,Dec 91,R. Knowles,H.W. Curjel,50,Dec 97,68,45,
11365,44,Dec 91,Dr. Hopkinson,,59,U 07/06,,17,
11366,xx,xx,LMS communication,Miss Hilda Hudson,45,Jan 92,57,41,
11367,45,Jan 92,J.J. Sylvester,,66,U 04/13,,6,
11368,45,Jan 92,S. Haughton,H.J. Woodall,45,Feb 92,57,17,
11369,45,Jan 92,P.H. Schoute,,,,,44,
11370,45,Jan 92,"W.K. Clifford
[Corrected ET Nov 09]",J. Blaikie,62,Nov 09,92,22,
11371,45,Jan 92,G.M. Minchin,A. Anderson,xx,xx,57,11,
11372,45,Jan 92,J.C. Malet,,65,U 08/12,,44,
11373,45,Jan 92,V. Ramaswami Aiyar,,,,,25,
11374,45,Jan 92,Prof Morley,,,,,41,
11375,45,Jan 92,G.B.M. Zerr,"H.W. Curjel
G.B.M. Zerr","xx
xx","xx
xx","58
82",52,
11376,45,Jan 92,Prof. Curtis,H.W. Curjel,45,Sep 92,58,48,
11377,45,Jan 92,Prof. Neuberg,"V. Ramaswami Aiyar
B. Chakravarti","45
45","Aug 92
Aug 92","58
58",41,
11378,45,Jan 92,Prof. G. de Longchamps,"H.J. Woodall
R. Knowles","xx
xx","xx
xx","57
57",9,
11379,45,Jan 92,Prof Vigarié,,,,,48,
11380,45,Jan 92,Prof. Bernés,W.J. Greenstreet,xx,xx,60,41,
11381,45,Jan 92,Prof. Michel,"Prof. Morel
Ignacio Beyens","xx
xx","xx
xx","58
58",44,
11382,45,Jan 92,Prof. Tissot,R.F. Davis,45,Sep 92,58,41,
11383,45,Jan 92,Prof. Steggall,H.W. Curjel,45,Sep 92,58,72,
11384,45,Jan 92,Prof. Nixon,"W.J. Johnson
R. Henderson","45
45","Apr 92
Apr 92","57
57",41,
11385,45,Jan 92,J. Wolstenholme,"W.N. Baily
S.F. Kirby","xx
xx","xx
xx","110
110",48,
11386,45,Jan 92,R.W. Genese,"W.J. Johnson
James Rice","45
45","Apr 92
Apr 92","57
57",41,
11387,45,Jan 92,Editor,"H.W. Curjel
Prof. Radhakinshnan","45
45","Apr 92
Apr 92","57
57",48,
11388,45,Jan 92,The Bachelors of Cambridgebut solutionhasLet Down to his own inches by Non-Oedipus,"H.J. Woodall
T.P. Kirkman","45
45","Apr 92
May 92","57
57",10p,
11389,45,Jan 92,D. Biddle,H.W. Curjel,45,Aug 92,58,17,
11390,45,Jan 92,W.J. Greenstreet,,92,U 05/09,,41,
11391,45,Jan 92,R. Lachlan,"A.E. Jolliffe
Prof. Bhattacharya","45
45",Apr 92Apr 92,"57
57",45,
11392,45,Jan 92,E.M. Langley,"R. Knowles
Prof. Bhattacharya","xx
xx","xx
xx","57
57",45,
11393,45,Jan 92,H.W. Curjel,H.W. Curjel,xx,xx,58,9,
11394,45,Jan 92,H.W. Segar,H.W. Curjel,xx,xx,58,61,
11395,45,Jan 92,J.L. Mackenzie,"Prof. Sitaramayar
Prof. Radikanshuan","xx
xx","xx
xx","58
58",9,
11396,45,Jan 92,G.S. Carr,Henry Riddell,61,Aug 08,90,47,
11397,45,Jan 92,J.J. Barniville,,,,,44,
11398,45,Jan 92,A.J. Pressland,,,,,41,
11399,45,Jan 92,H.J. Woodall,,,,,6,
,,,,,,,,,
,,,,,,,,,
NUM,ET VOL,DATE,PROPOSER,SOLVERS,ET VOL,DATE,MQ VOL,TYPE,
11400,45,Jan 92,R. Tucker,,,,,41,
11401,45,Feb 92,J.J. Sylvester,,,,,9,
11402,45,Feb 92,P.H. Schoute,,61,U 02/08,,44,
11403,45,Feb 92,V. Ramaswami Aiyar,M.T. Naraniengar,xx,xx,98,45,
11404,45,Feb 92,Prof. Morley,,,,,41,
11405,45,Feb 92,M.W. Crofton,"H.J. Woodall
S.T. Shovelton
S. Narayana Aiyar","xx
xx
xx","xx
xx
xx","58
89
89",10,
11406,45,Feb 92,G.B.M. Zerr,G.B.M. Zerr,xx,xx,58,14,
11407,45,Feb 92,J. Wolstenholme,,,,,48,
11408,45,Feb 92,R.W. Genese,"R.F. Davis
T.W.K. Clarke","45
45","May 92
May 92","57
57",48,
11409,45,Feb 92,G.M. Minchin,H.W. Curjel,46,Apr 93,59,46,
11410,45,Feb 92,Prof. G. de Longchamps,"W.J. Greenstreet
Prof. Morel","xx
xx","xx
xx","62
62",87,
11411,45,Feb 92,Prof. Neuberg,"H.W. Curjel
F.W.A. Clarke","45
45","Apr 92
Apr 92","57
57",87,
11412,45,Feb 92,Prof. Tissot,H.W. Curjel,xx,xx,69,47,
11413,45,Feb 92,Prof. Barisien,"W.J. Greenstreet
Prof. Basu","xx
xx","xx
xx","62
62",89,
11414,45,Feb 92,Prof. Mannheim,"T.W.K. Clarke
Prof. Radikanshuan","54
45","Oct 92
Oct 92","58
58",41,
11415,45,Feb 92,Prof. Lévy,,65,U 02/12,,41,
11416,45,Feb 92,Prof. Bénézech,,,,,41,
11417,45,Feb 92,Prof. Gelin,"W.J. Greenstreet
R. Knowles","xx
xx","xx
xx","58
58",41,
11418,45,Feb 92,Prof. Liéger,"M. Brierley
R.F. Davis","45
45","Jun 92
Jun 92","57
57",41,
11419,45,Feb 92,F.M. Shields,,,,,46,
11420,45,Feb 92,Editor,"D. Biddle
M. Brierley","45
45","May 92
May 92","57
57",47,
11421,45,Feb 92,R. Tucker,,,,,41,
11422,45,Feb 92,D. Biddle,H.J. Woodall,46,Jan 93,59,10,
11423,45,Feb 92,R.W.D. Christie,"F.R.J. Hervey
E. Bordage","xx
xx","xx
xx","57
57",9,
11424,45,Feb 92,G.E. Crawford,"W.J. Greenstreet
Prof. Aiyar","45
45","Aug 92
Aug 92","58
58",44,
11425,45,Feb 92,H.J. Woodall,,,,,6,
11426,45,Feb 92,Col. H. Nuttall,H.J. Woodall,xx,xx,57,49,
11427,45,Feb 92,R. Lachlan,"K.J. Sanjána
R.F. Davis
Prof. Aiyar","53
xx
xx","Oct 00
xx
xx","74
58
58",44,
11428,45,Feb 92,W.J. Johnson,E.J. Nanson,xx,xx,94,44,
11429,45,Feb 92,E.M. Langley,"H.W. Curjel
Morgan Brierley","45
45","Jun 92
Jun 92","57
57",41,
11430,45,Feb 92,A.J. Pressland,,,,,41,
11431,45,Feb 92,G. Richardson,"T.W.K. Clarke
H.W. Curjel","45
45","May 92
May 92","57
57",48,
11432,45,Feb 92,I. Arnold,I. Arnold,45,Oct 92,58,47,
11433,45,Feb 92,W.J. Greenstreet,"H.W. Curjel
W.J. Greenstreet","xx
xx","xx
xx","59
59",41,
11434,45,Feb 92,H.W. Segar,,62,U 06/09,,25,
11435,45,Feb 92,G.J. Griffiths,H.W. Curjel,xx,xx,58,9,
11436,45,Feb 92,R.A. Roberts,,63,U 06/10,,46,
11437,45,Mar 92,J.J. Sylvester,H.W. Curjel,45,May 92,57,61,
11438,45,Mar 92,M.W. Crofton,,,,,44,
11439,45,Mar 92,G.M. Minchin,,,,,17,
11440,45,Mar 92,Prof. Morley,"P.H. Schoute
Prof. Bhattacharya","45
45","May 92
May 92","57
57",47,
11441,45,Mar 92,V. Ramaswami Aiyar,,,,,43,
11442,45,Mar 92,F.M. Shields,"G.B.M. Zerr
Prof. Bhattacharya","xx
xx","xx
xx","58
58",41,
11443,45,Mar 92,H.L. Orchard,"J.H. Grace
M. Brierley","45
45","May 92
May 92","xx
xx",44,
11444,45,Mar 92,G.B.M. Zerr,"J.H. Grace
M. Brierley","xx
xx","xx
xx","57
57",86,
11445,45,Mar 92,Prof. Davis,"G.E. Crawford
M. Brierley","45
45","Jun 92
Jun 92","57
57",41,
11446,45,Mar 92,Prof. Gob,"R.F. Davis
J.H. Grace","45
45","May 92
May 92","57
57",48,
11447,45,Mar 92,Prof. Laisant,"R.F. Davis
J.H. Grace","45
45","May 92
May 92","57
57",48,
11448,45,Mar 92,Prof. Catalan,"J.H. Grace
H.W. Curjel","xx
xx","xx
xx","58
58",10,
11449,45,Mar 92,Prof. Tissot,"J.H. Grace
R. Knowles","45
45","Jun 92
Jun 92","57
57",45,
,,,,,,,,,
,,,,,,,,,
NUM,ET VOL,DATE,PROPOSER,SOLVERS,ET VOL,DATE,MQ VOL,TYPE,
11450,45,Mar 92,Prof. Bernés,"R.F. Davis
J.H. Grace","45
45","Aug 92
Aug 92","58
58",41,
11451,45,Mar 92,Prof. Sollertinsky,"J.H. Grace
N. Sarkar","46
46","Aug 93
Aug 93","60
60",84,
11452,45,Mar 92,Prof. G. de Longchamps,"A. Cayley
R.F. Davis
W.J. Greenstreet","45
xx
xx","Nov 92
xx
xx","58
57
57",22,
11453,45,Mar 92,E. Lampe,Prof. Lampe,45,Jun 92,57,31,
11454,45,Mar 92,Prof. Neuberg,"R.F. Davis
J.H. Grace","45
45","May 92
May 92","57
57",41,
11455,45,Mar 92,Prof. Mannheim,"R.F. Davis
H.W. Curjel","45
45","May 92
May 92","57
57",41,
11456,45,Mar 92,"J.J. Duran-Loriga
[in Italian]",,,,,41,
11457,45,Mar 92,A.M. Nash,"H.W. Curjel
Prof. Gopalachanar","48
48","Oct 95
Oct 95","64
64",51,
11458,45,Mar 92,Editor,"T. Savage
M. Brierley","45
45","Aug 92
Aug 92","58
58",41,
11459,45,Mar 92,T.P. Kirkman,,,,,46,
11460,45,Mar 92,W.S.B. Woolhouse,W.S.B. Woolhouse,45,May 92,57,12,
11461,45,Mar 92,Col. De Land,"D. Biddle
T. Savage","45
45","May 92
May 92","57
57",2,
11462,45,Mar 92,H.W. Segar,,62,U 01/09,,25,
10463,45,Mar 92,A. Martin,"T.R. Terry
N. Sarkar","45
45","May 92
May 92","57
57",10,
11464,45,Mar 92,H.J. Woodall,,,,,17,
11465,45,Mar 92,H. Brocard,"H.W. Curjel
Prof. Bhattacharya","45
45","Aug 92
Aug 92","58
58",46,
11466,45,Mar 92,R. Tucker,R. Tucker,45,Jun 92,57,41,
11467,45,Mar 92,Madame F.Prime,J.H. Grace,46,Jul 93,60,44,
11468,45,Mar 92,A.J. Pressland,H.J. Woodall,46,Sep 93,60,41,
11469,45,Mar 92,G.F. Howse,S.T. Shovelton (ps),xx,xx,90,44,
11470,45,Mar 92,E.M. Langley,"R.F. Davis
I. Arnold","45
45","May 92
May 92","57
57",41,
11471,45,Mar 92,G. Richardson,"J.H. Grace
R.F. Davis","45
45","May 92
May 92","57
57",41,
11472,45,Mar 92,W.J. Greenstreet,,63,U 03/10,,41,
11473,45,Mar 92,A.E. Thomas,"W.N. Bailey
S.F. Kirby","xx
xx","xx
xx","110
110",44,
11474,45,Mar 92,D. Edwardes,A.H.S. Gillson,xx,xx,92,46,
11475,45,Mar 92,D. Biddle,T.R. Terry,45,May 92,57,17,
11476,45,Mar 92,F.R.J. Hervey,,,,,12cs,
11477,45,Mar 92,R. Knowles,"H.W. Curjel
Krishmachandra De","49
49","Jul 96
Jul 96","66
66",79,
11478,45,Mar 92,C. Bickerdike,,,,,17,
11479,45,Mar 92,M. Brierley,"T.R. Terry
G.B.M. Zerr","45
45","Jun 92
Jun 92","57
57",41,
11480,45,Apr 92,J.J. Sylvester,H.W. Curjel,45,Jun 92,57,9,
11481,45,Apr 92,M.W. Crofton,,92,U 08/09,,45,
11482,45,Apr 92,Prof. Morley,,,,,41,
11483,45,Apr 92,V. Ramaswami Aiyar,,92,U 08/09,,17,
11484,45,Apr 92,H.L. Orchard,"R. Knowles
Ignacio Beyens","xx
xx","xx
xx","58
58",22,
11485,45,Apr 92,G.B.M. Zerr,"H.J. Woodall
Prof. Bhattacharya","xx
xx","xx
xx","58
58",11,
11486,45,Apr 92,J. Wolstenholme,G.B.M. Zerr,xx,xx,58,13,
11487,45,Apr 92,Prof. Catalan,,,,,48,
11488,45,Apr 92,Prof. Bernés,"W.F. Beard
E. Fenwick","xx
xx","xx
xx","109
109",41,
11489,45,Apr 92,Prof. Balitrand,"H.W. Curjel
W.J. Greenstreet","45
45","Jul 92
Jul 92","58
58",79,
11490,45,Apr 92,Prof. Neuberg,G. de Longchamps,45,Jun 92,57,44,
11491,45,Apr 92,"Prof. Stuart
Prof. Shields","J.N. Bissell
Prof. Radikanshuan","xx
xx","xx
xx","58
58",41,
11492,45,Apr 92,N. Sarkar,,,,,41,
11493,45,Apr 92,P.H. Schoute,"H.W. Curjel
Morgan Brierley","45
45","Jun 92
Jun 92","57
57",41,
11494,45,Apr 92,B. Chakravarti,"G.B.M. Zerr
Prof. Aiyar","xx
xx","xx
xx","61
61",41,
11495,45,Apr 92,Prof. Aiyar,"H.W. Curjel
G.B.M. Zerr","45
45","Jul 92
Jul 92","58
58",13,
11496,45,Apr 92,Prof. Mukhopadhyay,"Prof. Aiyar
B. Chakravarti","45
45","Jul 92
Jul 92","58
58",46,
11497,45,Apr 92,F.M. Shields,,,,,12,
11498,45,Apr 92,Editor,,,,,22,
11499,45,Apr 92,H.J. Woodall,,,,,17,
,,,,,,,,,
NUM,ET VOL,DATE,PROPOSER,SOLVERS,ET VOL,DATE,MQ VOL,TYPE,
11500,45,Apr 92,H. Brocard,,,,,46,
11501,45,Apr 92,R. Tucker,,,,,48,
11502,45,Apr 92,A.J. Pressland,,,,,41,
11503,45,Apr 92,W.J. Greenstreet,"H.J. Woodall
Prof. Krishnamarcham
Prof. Aiyar","46
46
46","Feb 93
Jun 93
Jun 93","59
59
59",41,
11504,45,Apr 92,D. Edwardes,,63,U 08/10,,46,
11505,45,Apr 92,D. Biddle,G.B.M. Zerr,45,Sep 92,58,17,
11506,45,Apr 92,R. Knowles,,,,,41,
11507,45,Apr 92,M. Brierley,,92,U 03/09,,44,
11508,45,Apr 92,I. Arnold,"H.W. Curjel
Morgan Brierley","45
45","Jun 92
Jun 92","57
57",47,
11509,45,Apr 92,J.H. Grace,"F.E. Relton
W.L. Marr
R.J. Dallas","62
62
62","Sep 09
Sep 09
Sep 09","92
92
92",41,
11510,45,Apr 92,T. Cotterill,,,,,44,
11511,45,Apr 92,R.W.D. Christie,R.F. Davis,45,Jun 92,57,9,
11512,45,May 92,J.J. Sylvester,H.W. Curjel,45,Jul 92,58,9,
11513,45,May 92,M.W. Crofton,"G.B.M. Zerr
Prof. Radikanshuan","45
45","Aug 92
Aug 92","58
58",6,
11514,45,May 92,Prof. Morley,E.J. Nanson,63,Mar 10,93,67,
11515,45,May 92,G.B.M. Zerr,"J.C. St. Clair
W.J. Greenstreet","45
xx","Jul 92
xx","58
58",12,
11516,45,May 92,H.L. Orchard,"H.J. Woodall
Ignacio Beyens","45
45","Sep 92
Sep 92","58
58",11,
11517,45,May 92,"J.J. Durán-Loriga
[in Italian]","H.W. Curjel
G.B.M. Zerr","45
45","Jul 92
Jul 92","58
58",41,
11518,45,May 92,G. de Longchamps,,,,,41,
11519,45,May 92,Prof. Farjon,A.M. Nash,xx,xx,58,75,
11520,45,May 92,Prof. Neuberg,"Vincent J. Bouton
Prof. Paroling
Vincent J. Bouton (2nd)","xx
xx
xx","xx
xx
xx","58
58
62",53,
11521,45,May 92,Prof. Nemo,,,,,13,
11522,45,May 92,Prof. Mannheim,"H.W. Curjel
Prof. Radikanshuan","46
46","Feb 93
Feb 93","59
59",48,
11523,45,May 92,Prof. Bhattacharya,H.W. Curjel,xx,xx,59,46,
11524,45,May 92,V. Ramaswami Aiyar,,62,U 04/09,,25,
11525,45,May 92,"T. Stuart
Prof. Shields","J.N. Bissell
J.C. Strachan","xx
xx","xx
xx","58
58",11,
11526,45,May 92,Prof. Balitrand,,,,,48,
11527,45,May 92,Prof. Thiry,"W.J. Greenstreet
Prof. Aiyar","45
45","Aug 92
Aug 92","58
58",47,
11528,45,May 92,Editor,"H.W. Curjel
Krishmachandra De","xx
xx","xx
xx","66
66",12,
11529,45,May 92,J.C. Malet,J.C. Malet,xx,xx,59,46,
11530,45,May 92,C.L. Dodgson,H.J. Woodall,48,Mar 93,59,6,
11531,45,May 92,H.J. Woodall,,63,U 02/10,,15,
11532,45,May 92,D. Biddle,,,,,46,
11533,45,May 92,I. Arnold,"D. Biddle
H.J. Woodall","45
45","Aug 92
Aug 92","58
58",47,
11534,45,May 92,T.P. Kirkman,,,,,10,
11535,45,May 92,H. Brocard,"H.W. Curjel
Prof. Bhattacharya","xx
xx","xx
xx","58
58",44,
11536,45,May 92,R. Knowles,"T. Galliers
B. Chakravarti","xx
xx","xx
xx","58
58",44,
11537,45,May 92,M. Brierley,"B. Chakravarti
R. Knowles","xx
xx","xx
xx","59
59",44,
11538,45,May 92,R. Tucker,"T. Galliers
R. Knowles","xx
xx","xx
xx","58
58",48,
11539,45,May 92,W.J. Greenstreet,"R. Knowles
H.W. Curjel","xx
xx","xx
xx","59
59",48,
11540,45,May 92,J.H. Grace,"J. Rice
R. Knowles","45
45","Sep 92
Sep 92","58
58",41,
11541,45,May 92,A.J. Pressland,H.J. Woodall,46,Aug 93,60,41,
11542,45,May 92,R.W.D. Christie,,63,U 10/10,,10,
11543,45,Jun 92,J.J. Sylvester,,,,,96,
11544,45,Jun 92,M.W. Crofton,,63,U 08/10,,14,
11545,45,Jun 92,G.B.M. Zerr,"H.J. Woodall
L. Wiener","45
45","Oct 92
Oct 92","58
58",41,
11546,45,Jun 92,S. Haughton,,62,U 11/09,,18,
11547,45,Jun 92,G.M. Minchin,,59,U 01/06,,11,
11548,45,Jun 92,W.H.H. Hudson,P.H. Schoute,45,Oct 92,58,44,
11549,45,Jun 92,W.H.S. Monck,"H.W. Curjel
Prof. Aiyar","45
45","Aug 92
Aug 92","58
58",12,
,,,,,,,,,
,,,,,,,,,
NUM,ET VOL,DATE,PROPOSER,SOLVERS,ET VOL,DATE,MQ VOL,TYPE,
11550,45,Jun 92,V. Ramaswami Aiyar,"J. Burke
Prof. Ramachandra","45
45","Nov 92
Nov 92","58
58",41,
11551,45,Jun 92,Prof. Bhattacharya,"G.B.M. Zerr
Ratram Aiyar","xx
xx","xx
xx","58
58",8,
11552,45,Jun 92,N. Sarkar,"T.W.K. Clarke
A. Kahn","xx
xx","xx
xx","58
58",6,
11553,45,Jun 92,B. Chakravarti,,,,,13,
11554,45,Jun 92,Prof. Mannheim,"G.G. Morrice
J.C. St. Clair","46
46","Feb 93
Feb 93","59
59",41,
11555,45,Jun 92,Prof. G. de Longchamps,"R. Knowles
N. Sarkar","xx
xx","xx
xx","59
59",87,
11556,45,Jun 92,Prof. Neuberg,,,,,41,
11557,45,Jun 92,Prof. Lemoine,,,,,45,
11558,45,Jun 92,Prof. Catalan,"H.W. Curjel
K.J. Sanjána","xx
xx","xx
xx","66
66",24,
11559,45,Jun 92,Prof. Bernés,"W.J. Greenstreet
N. Sarkar","45
45","Oct 92
Oct 92","58
58",41,
11560,45,Jun 92,Prof. Hais,,,,,41,
11561,45,Jun 92,Prof. Rebuffel,"T.W.K. Clarke
B. Chakravarti","45
45","Aug 92
Aug 92","58
58",46,
11562,45,Jun 92,J.C. Malet,"T.W.K. Clarke
J.C. St. Clair","45
45","Sep 92
Sep 92","58
58",45,
11563,45,Jun 92,Prof. Lange,E. Lampe,45,Sep 92,58,41,
11564,45,Jun 92,Editor,H.J. Woodall,xx,xx,60,10,
11565,45,Jun 92,R. Tucker,,,,,41,
11566,45,Jun 92,Belle Easton,"G.B.M. Zerr
Prof. Mukhopadhyay","45
45","Oct 92
Oct 92","58
58",41,
11567,45,Jun 92,M. Jenkins,,,,,41,
11568,45,Jun 92,J.J. Walker,,62,U 09/09,,18,
11569,45,Jun 92,Col. A.R. Clarke,F.E. Relton,xx,xx,92,13Δ,
11570,45,Jun 92,E.M. Langley,"T.W.K. Clarke
I. Arnold","45
45","Aug 92
Aug 92","58
58",41,
10571,45,Jun 92,D. Biddle,C.W. Adams,63,Jul 10,94,2,
11572,45,Jun 92,Morgan Brierley,"A. Kahn
R. Knowles","xx
xx","xx
xx","58
58",44,
11573,45,Jun 92,H.J. Woodall,,92,U 07/09,,48,
11574,45,Jun 92,I. Arnold,"G.B.M. Zerr
Prof. Bhattacharya","45
45","Dec 92
Dec 92","58
58",17,
11575,45,Jun 92,J.C. St. Clair,"H.W. Curjel
S. Burke","45
45","Oct 92
Oct 92","58
58",45,
11576,45,Jun 92,W.J. Greenstreet,"T.W.K. Clarke
A. Kahn","45
45","Oct 92
Oct 92","58
58",44,
11577,45,Jun 92,J.H. Grace,,,,,41,
11578,45,Jun 92,A.J. Pressland,"T.W.K. Clarke
A. Kahn","45
45","Sep 92
Sep 92","58
58",41,
11579,45,Jun 92,R. Knowles,"T.W.K. Clarke
J. Burke","46
46","May 93
May 93","59
59",41,
11580,45,Jul 92,J.J. Sylvester,T. Muir,62,Aug 09,92,6,
11581,45,Jul 92,W.K. Clifford,,62,U 01/09,,6,
11582,45,Jul 92,G.M. Minchin,,62,U 06/09,,17,
11583,45,Jul 92,E. Lampe,,60,U 10/07,,20,
11584,45,Jul 92,W.H.H. Hudson,R. Gardner,62,Aug 09,92,18,
11585,45,Jul 92,G.B.M. Zerr,G.B.M. Zerr,47,Nov 94,62,16,
11586,45,Jul 92,Prof. G. de Longchamps,,,,,48,
11587,45,Jul 92,Prof. Sollertinsky,W.J. Greenstreet,46,Aug 93,60,41,
11588,45,Jul 92,Prof. Balitrand,,,,,17,
11589,45,Jul 92,Prof. Cesáro,,,,,41,
11590,45,Jul 92,Prof. Neuberg,,,,,48,
11591,45,Jul 92,Prof. Lucas,"H.W. Curjel
J.C. St. Clair","45
45","Sep 92
Sep 92","58
58",10,
11592,45,Jul 92,V. Ramaswami Aiyar,M.T. Naraniengar,xx,xx,95,41,
11593,45,Jul 92,Prof. John Casey,"H.W. Curjel
B. Chakravarti","46
46","Dec 93
Dec 93","60
60",41,
11594,45,Jul 92,Prof. Lemoine,A.M. Nesbitt,xx,xx,90,10,
11595,45,Jul 92,Editor,"J. Rice
W.J. Greenstreet","xx
xx","xx
xx","59
59",41,
11596,45,Jul 92,John Griffiths,,,,,41,
11597,45,Jul 92,A, The Best of the Girton Dancers,,,,,10p
11598,45,Jul 92,W.J. Greenstreet,"J.E. St. Clair
B. Chakravarti","45
45","Nov 92
Nov 92","58
58",45,
11599,45,Jul 92,R. Tucker,R. Tucker,45,Dec 92,58,41,
,,,,,,,,,
,,,,,,,,,
,,,,,,,,,
NUM,ET VOL,DATE,PROPOSER,SOLVERS,ET VOL,DATE,MQ VOL,TYPE,
11600,45,Jul 92,I. Arnold,"H.W. Curjel
G.B.M. Zerr","xx
xx","xx
xx","61
61",44,
11601,45,Jul 92,D. Biddle,,,,,20,
11602,45,Jul 92,J.J. Walker,K.J. Sanjána,62,Apr 09,91,22,
11603,45,Jul 92,T.R. Terry,"H.W. Curjel
Prof. Sitaramaiyar","xx
xx","xx
xx","58
58",8,
11604,45,Jul 92,J. Tate,M.T. Naraniengar,62,Aug 09,92,46,
11605,45,Jul 92,R. Chartres,R. Chartres,46,Feb 93,59,44,
11606,45,Jul 92,A. Kahn,"J. Rice
G.B.M. Zerr","45
45","Dec 92
Dec 92","58
58",41,
11607,45,Jul 92,J.H. Grace,,,,,41,
11608,45,Jul 92,R.F. Davis,H.J. Woodall,xx,xx,59,22,
11609,45,Jul 92,A.J. Pressland,H.J. Woodall,xx,xx,60,41,
11610,45,Jul 92,D. Edwardes,D. Edwardes,63,Apr 10,93,46,
11611,45,Jul 92,Morgan Brierley,"J. Rice
G.B.M. Zerr","xx
xx","xx
xx","58
58",41,
11612,45,Jul 92,A.E. Jolliffe,"J. Burke
Prof. Mukhopadhyay","45
45","Dec 92
Dec 92","58
58",44,
11613,45,Jul 92,R.W.D. Christie,,,,,9,
11614,45,Jul 92,H.J. Woodall,"M.T. Naraniengar
K.J. Sanjána","xx
xx","xx
xx","90
90",31,
11615,45,Aug 92,J.J. Sylvester,T.W. Chaundy,xx,xx,94,25,
11616,45,Aug 92,G.M. Minchin,H.W. Curjel,45,Nov 92,58,17,
11617,45,Aug 92,N. Sarkar,"G.B.M. Zerr
H.W. Curjel","xx
xx","xx
xx","60
60",13,
11618,45,Aug 92,V. Ramaswami Aiyar,R.F. Davis,xx,xx,59,48,
11619,45,Aug 92,Prof. Morley,,61,U 09/08,,6,
11620,45,Aug 92,P.H. Schoute,,,,,13,
11621,45,Aug 92,F.P. Matz,,62,U 08/09,,14,
11622,45,Aug 92,Ignacio Beyens,"H.W. Curjel
G.B.M. Zerr","xx
xx","xx
xx","60
60",55,
11623,45,Aug 92,Prof. Bhattacharya,"H.W. Curjel
G.B.M. Zerr","xx
xx","xx
xx","60
60",8,
11624,45,Aug 92,B. Chakravarti,"H.W. Curjel
G.B.M. Zerr","xx
xx","xx
xx","59
59",13,
11625,45,Aug 92,G. de Longchamps,"J. Burke
T. Galliers","45
45","Nov 92
Nov 92","58
58",48,
11626,45,Aug 92,Prof. Neuberg,Prof. Neuberg,61,Feb 08,89,48,
11627,45,Aug 92,"J.J. Durán-Loriga
[in Italian]","J. Burke
H.W. Curjel","46
46","Nov 93
Nov 93","60
60",41,
11628,45,Aug 92,Prof. Déprez,"H.W. Curjel
A. Droz-Farny","46
xx","Jul 93
xx","60
60",41,
11629,45,Aug 92,Prof. Tissot,,,,,45,
11630,45,Aug 92,F.X. de Wachter,"G.B.M. Zerr
H.W. Curjel","45
45","Nov 92
Nov 92","58
58",18,
11631,45,Aug 92,Editor,"H.J. Woodall
G.B.M. Zerr","46
46","Jun 93
Jun 93","59
59",44,
11632,45,Aug 92,D. Biddle,,65,U 08/12,,20,
11633,45,Aug 92,D.T. Griffiths,"H.W. Curjel
S. Dale","45
45","Nov 92
Nov 92","58
58",41,
11634,45,Aug 92,I. Arnold,H.J. Woodall,46,Jun 93,59,17,
11635,45,Aug 92,W.J. Greenstreet,,93,U 01/10,,6,
11636,45,Aug 92,T.P. Kirkman,,92,U 08/09,,95,
11637,45,Aug 92,R. Tucker,R. Knowles,46,Apr 93,59,48,
11638,45,Aug 92,H. Brocard,J. Dale,46,Feb 93,59,41,
11639,45,Aug 92,Morgan Brierley,"T. Savage
H.W. Curjel","46
46","Feb 93
Feb 93","59
59",41,
11640,45,Aug 92,A.J. Pressland,,,,,20,
11641,45,Aug 92,H.J. Woodall,,60,U 10/07,,51,
11642,45,Aug 92,R.F. Davis,"H.J. Woodall
G.B.M. Zerr","xx
xx","xx
xx","59
59",22,
11643,45,Aug 92,R.W.D. Christie,"Solidus
A. Cunningham","xx
xx","xx
xx","88
88",9,
11644,45,Aug 92,J.W. Russell,J.W. Russell,xx,xx,59,45,
11645,45,Aug 92,R. Knowles,,,,,41,
11646,45,Aug 92,J.H. Grace,,61,U 09/08,,96,
11647,45,Sep 92,A. Cayley,,62,U 07/09,,24,
11648,45,Sep 92,J.J. Sylvester,H.W. Curjel,45,Nov 92,58,64,
11649,45,Sep 92,E. Lampe,"R.F. Davis
E. Lampe","45
45","Dec 92
Dec 92","58
58",41,
,,,,,,,,,
,,,,,,,,,
NUM,ET VOL,DATE,PROPOSER,SOLVERS,ET VOL,DATE,MQ VOL,TYPE,
11650,45,Sep 92,N. Sarkar,,,,,18,
11651,45,Sep 92,V. Ramaswami Aiyar,,,,,45,
11652,45,Sep 92,Prof. Morley,"H.W. Curjel
V. Ramaswami Aiyar","49
49","Nov 96
Nov 96","66
66",67,
11653,45,Sep 92,P.H. Schoute,,,,,47,
11654,45,Sep 92,G. de Longchamps,W.E.H. Berwick,62,Dec 09,92,22,
11655,45,Sep 92,Prof. Neuberg,,,,,46,
11656,45,Sep 92,Prof. Déprez,"R.F. Davis
J. Dale","46
46","Jan 93
Jan 93","59
59",48,
11657,45,Sep 92,Prof. F.X. de Wachter,"H.W. Curjel
R.F. Davis","xx
xx","xx
xx","59
59",22,
11658,45,Sep 92,V. Ramaswami Aiyar,"H.W. Curjel
G.B.M. Zerr","xx
xx","xx
xx","59
59",13,
11659,45,Sep 92,G.B.M. Zerr,H.J. Woodall,xx,x,60,8,
11660,45,Sep 92,Prof. Westem,,,,,44,
11661,45,Sep 92,"Prof. Van Aubel
[in Italian]","J. Dale
R.F. Davis","46
46","Feb 93
Feb 93","59
59",41,
11662,45,Sep 92,E. Cesáro[in Spanish],,,,,44,
11663,45,Sep 92,Prof. Littlehales,,62,U 01/09,,13,
11664,45,Sep 92,Prof. Lucas,,61,U 03/08,,10,
11665,45,Sep 92,Prof. Morel,"R.F. Davis
R. Knowles","xx
xx","xx
xx","59
59",41,
11666,45,Sep 92,Editor,R.F. Davis,45,Nov 92,58,47,
11667,45,Sep 92,Ven. Archdeacon J.M. Wilson,"Morgan Brierley
Robert Rawson","46
46","Apr 93
Jun 93","59
59",9,
11668,45,Sep 92,W.J. Greenstreet,"Madame Thérèse
G.B.M. Zerr","46
46","Jul 93
Jul 93","60
60",41,
11669,45,Sep 92,T.P. Kirkman,,,,,47p,
11670,45,Sep 92,R. Tucker,R. Tucker,xx,xx,58,45,
11671,45,Sep 92,H. Brocard,"J. Dale
H.W. Curjel","45
45","Dec 92
Dec 92","58
58",47,
11672,45,Sep 92,Morgan Brierley,R.F. Davis,xx,,59,41,
11673,45,Sep 92,H.J. Woodall,"J. Gilbert Smyly
R.F. Davis *
S.J. Rowton","47
xx
xx","Aug 94
xx
xx","62
59
63",12,
11674,45,Sep 92,R.W.D. Christie,A. Cunningham,xx,xx,92,22,
11675,45,Sep 92,J.W. Russell,J.W. Russell,46,Apr 93,59,17,
11676,45,Sep 92,J.H. Grace,"R.F. Davis
R. Knowles","45
45","Dec 92
Dec 92","58
58",48,
11677,45,Sep 92,"R. Knowles
[Corrected as 12078 in ET Sep 93]",,,,,45,
11678,45,Sep 92,A. Martin,H.W. Curjel,xx,xx,59,18,
11679,45,Sep 92,Elizabeth Blackwood,H.W. Curjel,xx,xx,60,14,
11680,45,Sep 92,E. Lemoine,,,,,44,
11681,45,Sep 92,D. Biddle,H.W. Curjel,45,Nov 92,58,14,
11682,45,Oct 92,S. Haughton,S. Haughton,46,Apr 93,59,73,
11683,45,Oct 92,R. Bruce,"R. Bruce
A.M. Nash","46
xx","Jan 93
xx","59
61",12q,
11684,45,Oct 92,E. Lampe,E. Lampe,xx,,59,94,
11685,45,Oct 92,Prof. Neuberg,"C. Morgan
H.W. Curjel","46
46","Aug 93
Aug 93","60
60",14,
11686,45,Oct 92,"P.H. Schoute
[Correction MQ 99]",,65,U 08/12,,9,
11687,45,Oct 92,Prof. Tissot,,63,U 08/10,,45,
11688,45,Oct 92,V. Ramaswami Aiyar,,,,,46,
11689,45,Oct 92,Prof. Morley,"H.W. Curjel
G.B.M. Zerr","xx
xx","xx
xx","59
59",61,
11690,45,Oct 92,Prof. F.X. de Wachter,"Dr. R. Bruce
H.W. Curjel","xx
xx","xx
xx","59
59",9,
11691,45,Oct 92,G.B.M. Zerr,"H.J. Woodall
G.B.M. Zerr","xx
xx","xx
xx","60
60",18,
11692,45,Oct 92,J.C. Malet,J.C. Malet,xx,xx,59,51,
11693,45,Oct 92,H.L. Orchard,"T. Savage
H.J. Woodall","xx
xx","xx
xx","59
59",10,
11694,45,Oct 92,Prof. Vuittenez,"R.F. Davis
H.W. Curjel","46
46","Jan 93
Jan 93","59
59",41,
11695,45,Oct 92,Prof. Svéchnikoff,"C. Morgan
H.J. Woodall","46
46","Apr 93
Apr 93","59
59",44,
11696,45,Oct 92,Prof. Lucas,A.M. Nesbitt,61,Dec 08,90,12,
11697,45,Oct 92,Prof. Bernés,"J.C. St. Clair
F.J. Davis","45
45","Dec 92
Dec 92","58
58",44,
11698,45,Oct 92,Prof. Barisien,"A. Droz-Farny
R.F. Davis","xx
xx","xx
xx","59
59",48,
11699,45,Oct 92,Prof. Morel,"A. Droz-Farny
D. Thomas","46
46","Jan 93
Jan 93","59
59",3,
* Woodall questions the solution MQ 59, p. 45,,,,,,,,
,,,,,,,,,
,,,,,,,,,
NUM,ET VOL,DATE,PROPOSER,SOLVERS,ET VOL,DATE,MQ VOL,TYPE,
11700,45,Oct 92,Prof. Bénézech,"D. Thomas
C. Morgan","46
46","Feb 93
Feb 93","59
59",41,
11701,45,Oct 92,Prof. Bôcher,"G.R. Dick
G.N. Watson
A.H.S. Gillson","62
62
62","Jul 09
Jul 09
Jul 09","92
92
92",51,
11702,45,Oct 92,Prof. Echoles,G.N. Watson,61,May 08,89,10,
11703,45,Oct 92,Editor,"Dr. Bruce
M. Brierley","45
45","Dec 92
Dec 92","58
58",41,
11704,45,Oct 92,D. Biddle,"W.S.B. Woolhouse
H.W. Curjel","45
45","Dec 92
Dec 92","58
58",17,
11705,45,Oct 92,Herbert Orpeur,D. Thomas,xx,xx,59,94,
11706,45,Oct 92,R. Tucker,"H.W. Curjel
R. Tucker","45
xx","Jan 93
xx","59
59",41,
11707,45,Oct 92,A.E. Jolliffe,"H.W. Curjel
H.W. Curjel (2ndSol)
Nath Coondoo
A.E. Jolliffe","46
49
49
xx","Feb 93
Aug 96
Aug 96
xx","59
66
66
66",45,
11708,45,Oct 92,J.H. Grace,,,,,48,
11709,45,Oct 92,R. Chartres,R. Chartres,46,Mar 93,59,41,
11710,45,Oct 92,W.J. Johnston,"C. Morgan
H.W. Curjel","46
46","Jun 93
Jun 93","59
59",45,
11711,45,Oct 92,W.J. Greenstreet,,,,,45,
11712,45,Oct 92,Morgan Brierley,H.W. Curjel,46,May 93,59,48,
11713,45,Oct 92,H.J. Woodall,,,,,1,
11714,45,Oct 92,J.W. Russell,J.W. Russell,46,Aug 93,60,18,
11715,45,Nov 92,J.J. Sylvester,,,,,41,
11716,45,Nov 92,A.M Nash,"A. Cunningham
E.B. Escott","xx
xx","xx
xx","94
94",9,
11717,45,Nov 92,V. Ramaswami Aiyar,V. Ramaswami Aiyar,46,Jun 93,59,41,
11718,45,Nov 92,Prof. Neuberg,,,,,48,
11719,45,Nov 92,Prof. Morley,"R.W. Genese
G.B.M. Zerr","46
46","Jan 93
Jan 93","59
59",44,
11720,45,Nov 92,A.E. Joliffe,"H.W. Curjel
Nath Coondoo
A.E. Jolliffe","49
49
xx","Aug 96
Aug 96
xx","66
66
66",45,
11721,45,Nov 92,G.B.M. Zerr,"G.B.M. Zerr
Ignacio Beyens","48
48","Sep 95
Sep 95","64
64",14,
11722,45,Nov 92,J. Wolstenholme,"H.W. Curjel
G.B.M. Zerr","xx
xx","xx
xx","60
60",14,
11723,45,Nov 92,Prof. Sollertinsky,,,,,41,
11724,45,Nov 92,Prof. Poulain,,,,,41,
11725,45,Nov 92,Prof. Humbert,H.J. Woodall,xx,xx,60,67,
11726,45,Nov 92,Prof. Leinekugel,,,,,45,
11727,45,Nov 92,Prof. Vuittenez,"A. Droz Farny
H.W. Curjel
Prof. Mukhopadhyay","46
xx
xx","May 93
xx
xx","59
59
59",48,
11728,45,Nov 92,Prof. Morel,E. Fenwick,xx,xx,109,48,
11729,45,Nov 92,H.L. Orchard,"D. Biddle
G.B.M. Zerr","46
46","Jan 93
Jan 93","59
59",41,
11730,45,Nov 92,Prof. Bénézech,"J.C. St. Clair
R. Knowles","46
46","Feb 93
Feb 93","59
59",41,
11731,45,Nov 92,Prof. P.H. Schoute,"T. Muir
E.J. Nanson
T.W. Chaundy","63
63
63","Sep 10
Sep 10
Sep 10","94
94
94",22,
11732,45,Nov 92,Prof. Lucas,"J.C. St. Clair
D. Biddle","46
46","Feb 93
Feb 93","59
59",9,
11733,45,Nov 92,Prof. Picquet,H.W. Curjel,46,Mar 93,59,79,
11734,45,Nov 92,Editor,G.N. Watson,xx,xx,108,79,
11735,45,Nov 92,R. Tucker,,,,,41,
11836,45,Nov 92,T. Roach,"M. Brierley
H.W. Curjel","46
46","Mar 93
Mar 93","59
59",44,
11737,45,Nov 92,J.H. Grace,"W.F. Beard
S.F. Kirby","xx
xx","xx
xx","106
106",48,
11738,45,Nov 92,M. Brierley,,,,,41,
11739,45,Nov 92,D. Biddle,"G.B.M. Zerr
Prof. Bhattacharya","xx
xx","xx
xx","59
59",13,
11740,45,Nov 92,J.W. Russell,"J.C. St. Clair
M. Brierley","46
46","Jan 93
Jan 93","59
59",41,
11741,45,Nov 92,I. Arnold,"I. Arnold
C. Bickerdike","46
46","Feb 93
Feb 93","59
59",41,
11742,45,Nov 92,J. O’Byrne Croke,"G.B.M. Zerr
H.J. Woodall","xx
xx","xx
xx","59
59",12,
11743,45,Nov 92,C. Morgan,"G.B.M. Zerr
Prof. Bhattacharya","46
46","Oct 93
Oct 93","60
60",41,
11744,45,Nov 92,R.W.D. Christie,H. Br,62,Jun 09,91,95,
11745,45,Nov 92,W.J. Greenstreet,"W.J. Greenstreet
N. Sarkar","xx
xx","xx
xx","60
60",44,
11746,45,Nov 92,J. Rice,"H.J. Woodall
H.W. Curjel","xx
xx","xx
xx","59
59",61,
11747,45,Nov 92,R. Knowles,,,,,48,
11748,45,Nov 92,H.J. Woodall,,,,,44,
11749,45,Nov 92,C. Bickerdike,,61,U 03/08,,20,
,,,,,,,,,
,,,,,,,,,
NUM,ET VOL,DATE,PROPOSER,SOLVERS,ET VOL,DATE,MQ VOL,TYPE,
11750,45,Dec 92,J.J. Sylvester,,,,,41,
11751,45,Dec 92,A.M. Nash,A. Cunningham,xx,xx,94,9,
11752,45,Dec 92,G.B.M. Zerr,G.B.M. Zerr,xx,xx,61,79,
11753,45,Dec 92,Prof. Neuberg,,,,,6,
11754,45,Dec 92,H.L. Orchard,"W.J. Greenstreet
Prof. Aiyar","xx
xx","xx
xx","62
62",16,
11755,45,Dec 92,F.M. Shields,,,,,41,
11756,45,Dec 92,W.K. Clifford,,,,,41,
11757,45,Dec 92,M.W. Crofton,,92,U 09/09,,17,
11758,45,Dec 92,Prof. Tissot,"W.J. Greenstreet
Prof. Morel
B. Chakravarti","47
47
xx","Jun 94
Jun 94
xx","61
xx
61",86,
11759,45,Dec 92,V. Ramaswami Aiyar,M.T. Naraniengar,61,Jul 07,90,44,
11760,45,Dec 92,"Prof. Mukhopadhyay
Prof. Bhattacharya","G.B.M. Zerr
H.W. Curjel
G.B.M. Zerr (2ndSol)
H.W. Curjel (2ndSol)","46
46
46
46","Apr 93
Apr 93
Jun 93
Jun 93","59
59
59
59",14,
11761,45,Dec 92,J. Wolstenholme,"H.W. Curjel
W.J. Greenstreet","xx
xx","xx
xx","59
59",48,
11762,45,Dec 92,Prof. Lucas,H.W. Curjel,xx,xx,74,10,
11763,45,Dec 92,Prof. Sollertinsky,"H.W. Curjel
W.J. Greenstreet","46
46","Oct 93
Oct 93","60
60",84,
11764,45,Dec 92,Prof. Bhattacharya,"G.B.M. Zerr
H.W. Curjel","46
46","Apr 93
Apr 93","59
59",14,
11765,45,Dec 92,N. Sarkar,"W.J. Greenstreet
H.W. Curjel","46
46","Feb 93
Feb 93","59
59",41,
11766,45,Dec 92,Editor,"W.J. Constable
J. Dale","46
46","Feb 93
Feb 93","59
59",41,
11767,45,Dec 92,R. Tucker,R. Tucker,46,Oct 93,60,41,
11768,45,Dec 92,H.R. Greer,,"62
68","U 09/09
U 09/15",,23,
11769,45,Dec 92,E. White,"H.W. Curjel
E. White","xx
xx","xx
xx","59
59",6,
11770,45,Dec 92,Col. Hime,Col. Hime,46,Mar 93,59,41,
11771,45,Dec 92,J. O’Byrne Croke,"G.B.M. Zerr
Prof. Madhavarao","xx
xx","xx
xx","60
60",12,
11772,45,Dec 92,W.J. Greenstreet,"H.W. Curjel
C. Bickerdike","xx
xx","xx
xx","60
60",20,
11773,45,Dec 92,H.J. Woodall,"J.C. St. Clair
G.B.M. Zerr","46
46","Feb 93
Feb 93","59
59",44,
11774,45,Dec 92,R. Chartres,"R. Chartres
Prof. Aiyar","47
47","Nov 94
Nov 94","62
62",41,
11775,45,Dec 92,T. Roach,,,,,48,
11776,45,Dec 92,J.H. Grace,,,,,45,
11777,45,Dec 92,M. Brierley,,"62
63","U 11/09
U 08/10",,41,
11778,45,Dec 92,D. Biddle,,,,,14,
11779,45,Dec 92,I. Arnold,,,,,41,
11780,45,Dec 92,R. Knowles,"A. Droz-Farny
Prof. Czuber","xx
xx","xx
xx","60
60",87,
11781,45,Dec 92,* * *,,,,,44,
11782,45,Dec 92,J. Griffiths,H.W. Curjel,46,Mar 93,59,45,
11783,46,Jan 93,J.J. Sylvester,,,,,46,
11784,46,Jan 93,J.C. Malet,,61,U 03/08,,6,
11785,46,Jan 93,G.B.M. Zerr,"T.R. Terry
W.J. Dobbs","46
46","Mar 93
Mar 93","59
59",17,
11786,46,Jan 93,S. Sircom,H.J. Woodall,xx,xx,60,2,
11787,46,Jan 93,H.L. Orchard,"T.R. Terry
W.J. Dobbs","46
46","Mar 93
Mar 93","59
59",3,
11788,46,Jan 93,Prof. Neuberg,"H.W. Curjel
A. Kahn","xx
xx","xx
xx","59
59",53,
11789,46,Jan 93,Prof. Baschwitz,H.J. Woodall,xx,xx,62,61,
11790,46,Jan 93,A.M. Nash,,61,U 11/08,,9,
11791,46,Jan 93,E. Catalan,"P.H. Schoute
Prof. Kolbe","46
46","Mar 93
Mar 93","59
59",9,
11792,46,Jan 93,J. Wolstenholme,,64,U 01/11,,53,
11793,46,Jan 93,V. Ramaswami Aiyar,,,,,46,
11794,46,Jan 93,F.M. Shields,"G.B.M. Zerr
Nilkanta Sarkar","49
49","Feb 96
Feb 96","65
65",41,
10795,46,Jan 93,A. Macfarlane,"A. Macfarlane
G.B.M. Zerr","46
46","Apr 93
Apr 93","59
59",31,
11796,46,Jan 93,Prof. Pellet,,,,,46,
11797,46,Jan 93,Prof. Tissot,"P.H. Schoute
J.C. St. Clair","46
46","Mar 93
Mar 93","59
59",45,
11798,46,Jan 93,Capt. De Rocquigny,,61,U 11/08,,9,
11799,46,Jan 93,R.W. Genese,,,,,44,
,,,,,,,,,
,,,,,,,,,
NUM,ET VOL,DATE,PROPOSER,SOLVERS,ET VOL,DATE,MQ VOL,TYPE,
11800,46,Jan 93,Editor,H.J. Woodall,xx,xx,61,22,
11801,46,Jan 93,D. Biddle,,,,,20,
11802,46,Jan 93,R. Tucker,,,,,41,
11803,46,Jan 93,E.A. White,E.A. White,xx,xx,59,51,
11804,46,Jan 93,R. Knowles,"A. Droz Farny
J.C. St. Clair
H.W. Curjel (2 Sols)
Prof. Mukhopadhyay","46
46
46
xx","May 93
Jun 93
Jun 93
xx","59
59
59
59",48,
11805,46,Jan 93,W.J. Greenstreet,W.N. Bailey,xx,xx,102,6,
11806,46,Jan 93,M. Brierley,"G.B.M. Zerr
Prof. Mukhopadhyay","xx
xx","xx
xx","60
60",86,
11807,46,Jan 93,J.C. St. Clair,"P.H. Schoute
J.C. St. Clair","46
46","May 93
May 93","59
59",45,
11808,46,Jan 93,I. Arnold,"I. Arnold
R. Knowles","xx
xx","xx
xx","60
60",44,
11809,46,Jan 93,J. Macleod,"H.J. Curjel
Prof. Kolbe","46
46","Mar 93
Mar 93","59
59",41,
11810,46,Jan 93,H.J. Woodall,,,,,41,
11811,46,Jan 93,J.G. Taylor,"J.G. Taylor
G.B.M. Zerr
P.H. Schoute","xx
xx
xx","xx
xx
xx","59
59
59",3,
11812,46,Jan 93,W.J. Johnson,,,,,46,
11813,46,Jan 93,Belle Easton,,,,,20,
11814,46,Jan 93,T. Muir,Mahendra Nath,61,Feb 08,89,25,
11815,46,Jan 93,T. Cotterill,,,,,44,
11816,46,Jan 93,D. Edwardes,,62,U 10/09,,18,
11817,46,Jan 93,Elizabeth Blackwood,,62,U 07/09,,17,
11818,46,Jan 93,R.W.D. Christie,A. Cunningham,xx,xx,90,9,
11819,46,Jan 93,J. O’Callaghan,,,,,41,
11820,46,Feb 93,J.J. Sylvester,,,,,6,
11821,46,Feb 93,M.W. Crofton,"W.J. Dobbs
H.W. Curjel","46
46","Jun 93
Jun 93","59
59",41,
11822,46,Feb 93,S. Sircom,S. Sircom,51,Apr 98,69,18,
11823,46,Feb 93,P.H. Schoute,,65,U 08/12,,45,
11824,46,Feb 93,Prof. Gay,"W.J. Dobbs
G.B.M. Zerr","xx
xx","xx
xx","59
59",41,
11825,46,Feb 93,Prof. Humbert,"H.W. Curjel
Prof. Madhavarao","xx
xx","xx
xx","60
60",22,
11826,46,Feb 93,Prof. Lauvernay,,,,,41,
11827,46,Feb 93,G. de Longchamps,"W.J. Greenstreet
W.J. Dobbs","46
46","Apr 93
Apr 93","59
59",87,
11828,46,Feb 93,Prof. Bénézech,"T.R. Terry
W.J. Greenstreet","xx
xx","xx
xx","59
59",41,
11829,46,Feb 93,Prof. Mandart,"T.R. Terry
W. Dickson","xx
xx","xx
xx","59
59",3,
11830,46,Feb 93,Prof. Lebon,H.W. Curjel,xx,xx,74,46,
11831,46,Feb 93,Prof Déprez,E.J. Nanson,xx,xx,85,46,
11832,46,Feb 93,Prof. Neuberg,Krishna Prasad De,xx,xx,96,48,
11833,46,Feb 93,E. Catalan,S. Sircom,46,Apr 93,59,53,
11834,46,Feb 93,Capt. de Rocquigny,,62,U 02/09,,9,
11835,46,Feb 93,H.L. Orchard,A.M. Nesbitt,63,Jun 10,93,46,
11836,46,Feb 93,Editor,"J.C. St. Clair
M. Brierley","46
46","Apr 93
Apr 93","59
59",41,
11837,46,Feb 93,D. Biddle,"M. Brierley
Prof. Shields
D. Biddle","46
46
xx","May 93
May 93
xx","59
xx
59",94,
11838,46,Feb 93,R. Tucker,,,,,44,
11839,46,Feb 93,W.J. Johnston,S. Sircom,xx,xx,59,45,
11840,46,Feb 93,A. Kahn,"W.J. Dobbs
W.J. Constable","46
46","May 93
May 93","59
59",41,
11841,46,Feb 93,M. Brierley,"W.J. Dobbs
G.B.M. Zerr","46
46","Jul 93
Jul 93","60
60",41,
11842,46,Feb 93,H.J. Woodall,,,,,46,
11843,46,Feb 93,J. Griffiths,,58,U 05/05,,41,
11844,46,Feb 93,R.W.D. Christie,,,,,9,
11845,46,Feb 93,J. Macleod,"W.J. Constable
W.J. Dobbs","46
46","Oct 93
Oct 93","60
60",41,
11846,46,Feb 93,A.E. Jolliffe,A Scholar of Balliol,xx,xx,89,44,
11847,46,Feb 93,W.J. Greenstreet,,,,,46,
11848,46,Feb 93,R. Knowles,,,,,41,
11849,46,Feb 93,T.R. Terry,T.R. Terry,xx,xx,59,22,
,,,,,,,,,
,,,,,,,,,
,,,,,,,,,
NUM,ET VOL,DATE,PROPOSER,SOLVERS,ET VOL,DATE,MQ VOL,TYPE,
11850,46,Feb 93,Belle Easton,"T.R. Terry
W.J. Constable","46
46","Jun 93
Jun 93","59
59",17,
11851,46,Mar 93,J.J. Sylvester,H.J. Woodall,46,May 93,59,41,
11852,46,Mar 93,G.B.M. Zerr,G.B.M. Zerr,xx,xx,74,44,
11853,46,Mar 93,W.K. Clifford,"H.W. Curjel
W.J. Dobbs","46
46","Jul 93
Jul 93","60
60",11,
11854,46,Mar 93,F.M. Shields,,,,,2,
11855,46,Mar 93,V. Ramaswami Aiyar,,,,,41,
11856,46,Mar 93,Prof. Amiques,,,,,44,
11857,46,Mar 93,Prof. Tissot,H.J. Woodall,50,Oct 97,68,44,
11858,46,Mar 93,Prof. Vautré,"A.H. Curtis
B. Chakravarti","xx
xx","xx
xx","60
60",25,
11859,46,Mar 93,Prof. Neuberg,"R. Knowles
Ignacio Beyens","46
46","Oct 93
Oct 93","60
60",44,
11860,46,Mar 93,Prof. Catalan,"A. Martin
Prof. Aiyar","xx
xx","xx
xx","60
60",22,
11861,46,Mar 93,Prof. Barisien,"A. Droz-Farny
H.W. Curjel","xx
xx","xx
xx","60
60",79,
11862,46,Mar 93,Prof. Bernés,,,,,41,
11863,46,Mar 93,Prof. Lemoine,,56,U 12/03,,44,
11864,46,Mar 93,Prof. Lucas,"H.W. Curjel
H.J. Woodall","xx
xx","xx
xx","74
74",9,
11865,46,Mar 93,Prof. Déprez,,,,,44,
11866,46,Mar 93,Prof. Mandart,"H.W. Curjel
Ignacio Beyens","46
46","Sep 93
Sep 93","60
60",86,
11867,46,Mar 93,E. Cesáro,"A. Droz-Farny
Prof. Bhattacharya","46
46","Jul 93
Jul 93","60
60",86,
11868,46,Mar 93,Prof. Kolbe,"R. Chartres
W.J. Greenstreet","xx
xx","xx
xx","59
59",1,
11869,46,Mar 93,F.G. Taylor,A. Droz-Farny,xx,xx,60,3,
11870,46,Mar 93,Editor,"B.J. Dobbs
A. Droz Farny","46
46","May 93
May 93","59
59",45,
11871,46,Mar 93,R. Tucker,"A. Droz-Farny
W.J. Dobbs","46
46","May 93
May 93","59
59",41,
11872,46,Mar 93,D. Biddle,,,,,13,
11873,46,Mar 93,R.W.D. Christie,,63,U 04/10,,96,
11874,46,Mar 93,S. Tebay,S. Tebay,46,Jul 93,60,8,
11875,46,Mar 93,W.J. Greenstreet,"C. Morgan
W.J. Dobbs","46
46","Oct 93
Oct 93","60
60",41,
11876,46,Mar 93,H.J. Woodall,,62,U 10/09,,10,
11877,46,Mar 93,T. Roach,"W.J. Dobbs
G.B.M. Zerr","46
46","Jul 93
Jul 93","60
60",87,
11878,46,Mar 93,M. Brierley,,,,,11,
11879,46,Mar 93,T.R. Terry,"W.J. Dobbs
G.B.M. Zerr","xx
xx","xx
xx","60
60",61,
11880,46,Mar 93,A.J. Pressland,"R. Tucker
W.J. Dobbs","xx
xx","xx
xx","59
59",41,
11881,46,Mar 93,W.J. Dobbs,"G.B.M. Zerr
Prof. Bhattacharya","xx
xx","xx
xx","61
61",17,
11882,46,Mar 93,A. Kahn,"W.J. Dobbs
F.M. Shields","46
46","Jun 93
Jun 93","59
59",41,
11883,46,Mar 93,R. Knowles,,,,,48,
11884,46,Mar 93,C. Bickerdike,,,,,20,
11885,46,Mar 93,I. Arnold,"W.J. Dobbs
G.B.M. Zerr","46
46","Aug 93
Aug 93","60
60",44,
11886,46,Mar 93,Elizabeth Blackwood,G.B.M. Zerr,xx,xx,61,13,
11887,46,Apr 93,J.J. Sylvester,Sonti V. Ramamurty,xx,xx,94,41,
11888,46,Apr 93,G.B.M. Zerr,G.B.M. Zerr,xx,xx,74,18,
11889,46,Apr 93,W.K. Clifford,"R. Chartres
J.J. Milne","46
46","Jun 93
Jun 93","59
59",86,
11890,46,Apr 93,F.M. Shields,"T. Savage
G.B.M. Zerr","xx
xx","xx
xx","61
61",41,
11891,46,Apr 93,Prof. McMurchy,"H.J. Woodall
H.W. Curjel","xx
xx","xx
xx","61
61",15,
11892,46,Apr 93,G.M. Minchin,,63,U 07/10,,18,
11893,46,Apr 93,W.H.H. Hudson,,92,U 06/09,,20,
11894,46,Apr 93,R.W. Genese,,,,,45,
11895,46,Apr 93,Prof. Mukhopadhyay,"C. Bickerdike
Krishmachandra De","xx
xx","xx
xx","67
67",94,
11896,46,Apr 93,V. Ramaswami Aiyar,,,,,46,
11897,46,Apr 93,Prof. Beyens,C.W. Adams,xx,xx,101,8,
11898,46,Apr 93,Prof. Bhattacharya,S. Narayanan,xx,xx,92,65,
11899,46,Apr 93,Prof. Madhavarao,"H.W. Curjel
H.W. Gordon","xx
xx","xx
xx","60
60",22,
,,,,,,,,,
,,,,,,,,,
NUM,ET VOL,DATE,PROPOSER,SOLVERS,ET VOL,DATE,MQ VOL,TYPE,
11900,46,Apr 93,H.L. Orchard,S. Narayanan,xx,xx,91,22,
11901,46,Apr 93,Prof. Kolbe,,,,,15,
11902,46,Apr 93,Prof. Neuberg,,,,,46,
11903,46,Apr 93,Prof. Catalan,"H.W. Curjel
G.B.M. Zerr","xx
xx","xx
xx","60
60",22,
11904,46,Apr 93,Prof. Lemoine,,65,U 04/12,,41,
11905,46,Apr 93,Prof. P.H. Schoute,,65,U 04/12,,46,
11906,46,Apr 93,Prof. G. de Longchamps,"P.T. Stephenson
A.M. Nesbitt
J. Hammond
A.L. Atkin","xx
xx
xx
xx","xx
xx
xx
xx","99
99
99
99",22,
11907,46,Apr 93,Prof. Morel,"R. Knowles
B. Chakravarti","xx
xx","xx
xx","68
68",54,
11908,46,Apr 93,N. Sarkar,,,,,41,
11909,46,Apr 93,Editor,"M. Brierley
H.W. Curjel","xx
xx","xx
xx","61
61",22,
11910,46,Apr 93,D. Biddle,,62,U 02/09,,13,
11911,46,Apr 93,R.W.D. Christie,"T. Savage
R. Chartres","46
46","Nov 93
Nov 93","60
60",41,
11912,46,Apr 93,S. Tebay,"J. Boland
H.J. Woodall","xx
xx","xx
xx","60
60",2,
11913,46,Apr 93,W.J. Dobbs,"R. Chartres
G.B.M. Zerr","xx
xx","xx
xx","60
60",3,
11914,46,Apr 93,F.G. Taylor,,65,U 08/12,,10,
11915,46,Apr 93,R. Tucker,"A. Droz-Farny
G.B.M. Zerr
N. Sarkar
R. Tucker","xx
xx
xx
xx","xx
xx
xx
xx","60
60
60
60",3,
11916,46,Apr 93,H.J. Woodall,,,,,10,
11917,46,Apr 93,M. Brierley,,,,,9,
11918,46,Apr 93,J. Griffiths,"J.J. Milne
H.W. Curjel","46
46","Jul 93
Jul 93","60
60",41,
11919,46,Apr 93,H.W. Segar,,,,,53,
11920,46,Apr 93,R. Knowles,"A. Droz-Farny
W.J. Dobbs","xx
xx","xx
xx","61
61",90,
11921,46,Apr 93,R. Chartres,"R. Chartres
N. Sarkar
Prof. Bhattacharya","47
47
xx","Jan 94
Jan 94
xx","61
xx
61",44,
11922,46,May 93,J.J. Sylvester,,92,U 06/09,,22,
11923,46,May 93,Prof. Décamps,"H.W. Curjel
Prof. Mukhopadhyay","47
47","Jan 94
Jan 94","61
61",44,
11924,46,May 93,G.B.M. Zerr,G.B.M. Zerr,xx,xx,65,8,
11925,46,May 93,Prof. Mukhopadhyay,,,,,15,
11926,46,May 93,V. Ramaswami Aiyar,,,,,46,
11927,46,May 93,H.L. Orchard,,61,U 04/08,,48,
11928,46,May 93,A.H. Curtis,A.H. Curtis,46,Aug 93,60,41,
11929,46,May 93,F.P. Matz,"G.B.M. Zerr
Prof. Bhattacharya","xx
xx","xx
xx","65
65",14,
11930,46,May 93,B.O. Peirce,B.O. Peirce,46,Aug 93,60,11,
11931,46,May 93,C.B.S. Cavallin,G.B.M. Zerr,47,Jul 94,62,14,
11932,46,May 93,Ignacio Beyens,A. Droz-Farny,47,Aug 94,62,89,
11933,46,May 93,Prof. Neuberg,A. Droz-Farny,46,Aug 93,60,75,
11934,46,May 93,E. Catalan,"J.J. Barniville
A.M. Nesbitt
J.E.A. Steggall
J. Hodgkinson
C.W. Adams","65
65
65
65
xx","Apr 12
Apr 12
Apr 12
Apr 12
xx","97
97
97
97
97",10,
11935,46,May 93,Prof. Lemoine,"G.B.M. Zerr
Prof. Bhattacharya
R. Tucker","51
51
xx","Jan 98
Jan 98
xx","xx
xx
69",9,
11936,46,May 93,G. de Longchamps,"H.W. Curjel
W.J. Dobbs","xx
xx","xx
xx","60
60",3,
11937,46,May 93,Prof. Morel,E. Fenwick,xx,xx,110,45,
11938,46,May 93,Prof. Brocard,,65,U 10/12,,48,
11939,46,May 93,F.M. Shields,"T. Savage
B. Chakravarti","xx
xx","xx
xx","61
61",41,
11940,46,May 93,M. D’Ocagne,,,,,46,
11941,46,May 93,Editor,,,,,46,
11942,46,May 93,D. Biddle,"H.W. Curjel
Prof. Morel","46
46","Sep 93
Sep 93","60
60",9,
11943,46,May 93,R. Tucker,"A. Droz-Farny
N. Sarkar
Prof. Bhattacharya","46
46
xx","Aug 93
Aug 93
xx","60
xx
60",41,
11944,46,May 93,H.J. Woodall,,,,,46,
11945,46,May 93,D. Edwardes,"G.B.M. Zerr
Prof. Mukhopadhyay","47
47","Oct 94
Oct 94","62
62",55,
11946,46,May 93,W.J. Dobbs,"H.W. Curjel
A. Droz-Farny","46
46","Aug 93
Aug 93","60
60",45,
11947,46,May 93,W.J. Greenstreet,"W.J. Dobbs
R. Knowles","46
46","Sep 93
Sep 93","60
60",44,
11948,46,May 93,Capt. P.A. MacMahon,C.E. Youngman,68,Mar 15,103,44,
11949,46,May 93,G.S. Carr,,64,U 12/11,,16,
,,,,,,,,,
,,,,,,,,,
NUM,ET VOL,DATE,PROPOSER,SOLVERS,ET VOL,DATE,MQ VOL,TYPE,
11950,46,May 93,R.F. Scott,,61,U 04/08,,17,
11951,46,May 93,J. Young,"H.W. Curjel
Prof. Krishnamacharry","xx
xx","xx
xx","60
60",8,
11952,46,May 93,C. Bickerdike,,,,,15,
11953,46,May 93,J.H. Grace,A. Droz-Farny,xx,xx,60,48,
11954,46,May 93,R.W.D. Christie,"R. Knowles
Prof. Radhakrishnan","xx
xx","xx
xx","68
68",9,
11955,46,May 93,R. Knowles,"W.J. Dobbs
Prof. Bhattacharya","xx
xx","xx
xx","60
60",48,
11956,46,Jun 93,J.J. Sylvester,,"62
68","U 02/09
U 08/15",,9,
11957,46,Jun 93,G.B.M. Zerr,R. Chartres,xx,xx,60,22,
11958,46,Jun 93,H.L. Orchard,"C. Morgan
T. Savage","46
46","Aug 93
Aug 93","60
60",41,
11959,46,Jun 93,C.B.S. Cavallin,,,,,13,
11960,46,Jun 93,Ignacio Beyens,"A. Droz-Farny
R. Knowles","46
xx","Oct 93
xx","60
60",44,
11961,46,Jun 93,Prof. Neuberg,H.J. Woodall,xx,xx,60,75,
11962,46,Jun 93,G. de Longchamps,"R. Knowles
G.B.M. Zerr
C.E. Youngman","xx
xx
xx","xx
xx
xx","60
60
106",74,
11963,46,Jun 93,F.M. Shields,,,,,41,
11964,46,Jun 93,Prof. Morley,,,,,41,
11965,46,Jun 93,Mahendra Nath Coondoo,"H.J. Woodall
Prof. Mukhopadhyay","48
48","Oct 95
Oct 95","64
64",47,
11966,46,Jun 93,A. Macfarlane,A. Macfarlane,46,Aug 93,60,61,
11967,46,Jun 93,W.H.H. Hudson,"C. Morgan
B. Chakravarti","46
46","Dec 93
Dec 93","60
60",18,
11968,46,Jun 93,F. Rogel,F. Rogel,46,Sep 93,60,6,
11969,46,Jun 93,Prof. Mannheim,A. Droz-Farny,46,Aug 93,60,41,
11970,46,Jun 93,Prof. Barisien,"A. Droz-Farny
Prof. Morel","xx
xx","xx
xx","60
60",79,
11971,46,Jun 93,Prof. Besso,,62,U 09/09,,22,
11972,46,Jun 93,Prof. Bernés,A. Droz-FarnyProf. Morel,"46
xx","Sep 93
xx","60
60",41,
11973,46,Jun 93,Prof. Vubert,"H.J. Woodall
A. Droz-Farny","46
46","Dec 93
Dec 93","60
60",41,
11974,46,Jun 93,Prof. Déprez,,,,,44,
11975,46,Jun 93,Editor,"H.W. Curjel
R. Chartres","xx
xx","xx
xx","62
62",9,
11976,46,Jun 93,D. Biddle,,,,,41,
11977,46,Jun 93,R. Tucker,"H.W. Curjel
B. Chakravarti","46
46","Nov 93
Nov 93","60
60",44,
11978,46,Jun 93,"T.C. Simmons
[Corrected ET Dec. 12]",W.H.H. Hudson,65,Dec 12,98,13,
11979,46,Jun 93,H.J. Woodall,R.F. Davis,46,Aug 93,60,47,
11980,46,Jun 93,W.J. Dobbs,,,,,41,
11981,46,Jun 93,John Griffiths,,,,,41,
11982,46,Jun 93,J.H. Grace,,,,,45,
11983,46,Jun 93,W.J. Greenstreet,"H.J. Woodall
Prof. Bhattacharya","xx
xx","xx
xx","63
63",44,
11984,46,Jun 93,H. Fortey,,65,U 10/12,,6,
11985,46,Jun 93,M.D. Gopalachari,"R. Chartres
W.J. Dobbs","46
46","Oct 93
Oct 93","60
60",41,
11986,46,Jun 93,K. Rangaswami Iyengur,"R. Chartres
W.J. Dobbs","47
47","Mar 94
Mar 94","61
61",47,
11987,46,Jun 93,Dr. Kolbe,Dr. Kolbe,xx,xx,60,1,
11988,46,Jul 93,J.J. Sylvester,H.W. Curjel,xx,xx,60,22,
11989,46,Jul 93,G.B.M. Zerr,"H.W. Curjel
Prof. Aiyar","xx
xx","xx
xx","61
61",20,
11990,46,Jul 93,H.L. Orchard,"H.W. Curjel
N. Sarkar","xx
xx","xx
xx","60
60",18,
11991,46,Jul 93,C.B.S. Cavallin,,,,,14,
11992,46,Jul 93,Prof. Neuberg,"H.J. Woodall
B. Chakravarti","46
46","Nov 93
Nov 93","60
60",79,
11993,46,Jul 93,G. de Longchamps,"A. Droz-Farny
Prof. Bhattacharya","xx
xx","xx
xx","60
60",41,
11994,46,Jul 93,Prof. Morley,"H.W. Pyddoke
H.J. Woodall
Ignacio Beyens","46
xx
xx","Sep 93
xx
xx","60
60
60",11,
11995,46,Jul 93,W.H.H. Hudson,"V.J. Burton
Prof. Bhattacharya","xx
xx","xx
xx","60
60",94,
11996,46,Jul 93,V. Ramaswami Aiyar,,,,,46,
11997,46,Jul 93,R.W. Genese,"V.J. Bouton
H.W. Curjel","46
46","Nov 93
Nov 93","60
60",45,
11998,46,Jul 93,G.M. Minchin,,,,,17,
11999,46,Jul 93,Prof. Blater,"T. Savage
Prof. Blater
H.W. Curjel","46
46
xx","Aug 93
Aug 93
xx","60
60
60",2,
,,,,,,,,,
,,,,,,,,,
KEY:,,,,,,,,,
Red letters = female contributor,,,,,,,,,
Green letters = in French,,,,,,,,,
Blue letters = in a language other than English of French,,,,,,,,,
Purple letters = pseudonym,,,,,,,,,
(n) = n solutions,,,,,,,,,
10p = a combinatorial problem posed as a poem,,,,,,,,,
13Δ = Three lengths forming a triangle problem,,,,,,,,,
12q = The Eight Queens problem,,,,,,,,,
12cs = Card Shuffling Problem,,,,,,,,,
ps = partial solution,,,,,,,,,
pk = knot problem stated as a poem,,,,,,,,,
